source_type	source	archive_path	size_bytes	sha256	mime_type	validation
local	client/public/chatbot-icon.jpg	local/chatbot-icon.jpg	5786	7844ceed766f4ffd7c1fad620da30b0e65e3cb237288ba34d9682cceb5f57193	image/webp	archived_image
local	client/public/favicon.svg	local/favicon.svg	6543	20880d98b891cb1fb4d5afadf2180653d83a6dcf69c43dfef430c890a51028ee	image/svg+xml	archived_image
local	client/public/images/WebMysentry(10).svg	local/images/WebMysentry(10).svg	947307	0980285e798f36f89ab0c20838bba992121a2990dfc237ceb25cf7e70d470257	image/svg+xml	archived_image
local	client/public/images/WebMysentry(11).svg	local/images/WebMysentry(11).svg	879798	977a896c70fb73bb38ac2b382cdecb41f85db28387a9ba69ac20ae20602c653b	image/svg+xml	archived_image
local	client/public/images/WebMysentry(12).svg	local/images/WebMysentry(12).svg	486990	6ac9e834bf011166845aed74f004fa465b98c25bf8b8628a66a45ac9e93f1f6e	image/svg+xml	archived_image
local	client/public/images/about-hero-480w.jpg	local/images/about-hero-480w.jpg	19442	b5a35027a766325fa631b08f98fada42d3f68dc33ceef7c1d752090eaa081259	image/jpeg	archived_image
local	client/public/images/about-hero-800w.jpg	local/images/about-hero-800w.jpg	45246	812903024230ac524b9f5187f9bfcccbd67c044c1c40d1102d076083a8e94860	image/jpeg	archived_image
local	client/public/images/agent-avatar-480w.jpg	local/images/agent-avatar-480w.jpg	25631	b8939bd2cfa66b5b634b0794c798df62ab2498856c878f1a4580c3ebd0a3a244	image/jpeg	archived_image
local	client/public/images/agent-avatar.jpg	local/images/agent-avatar.jpg	42314	9c64cfc6aadcd6829296011f1999788635902d7f97c3e921d37cb66ce4801e88	image/jpeg	archived_image
local	client/public/images/app-home.png	local/images/app-home.png	254585	86b286d44562debce3048f25b599fa2d8f0f14f04bac22716a2bf17b8eb0caf5	image/png	archived_image
local	client/public/images/app-settings.png	local/images/app-settings.png	12771	e05e2aa5803f2dac0e5c669af18d1ebc11186eb579f7f9041473c21d8ff6e17b	image/png	archived_image
local	client/public/images/app-store-badge-480w.png	local/images/app-store-badge-480w.png	14740	0b58018427171607304981cd701785c4358da495136dcd2b52918497551dfa27	image/png	archived_image
local	client/public/images/app-store-badge-800w.png	local/images/app-store-badge-800w.png	26583	86d011f4b5cb8dfafb200d07d776606f8dc6de791983d20367ffdee8ab9c60ef	image/png	archived_image
local	client/public/images/app-store-badge.png	local/images/app-store-badge.png	57016	00135782d1d930b2ffae8bf017a38537cb5d7e6b70a19c522355f0c877573278	image/png	archived_image
local	client/public/images/avatar-10-480w.png	local/images/avatar-10-480w.png	589316	d33829fbea36f8a7db4f00e63752c3a2bc8729e18ac1c0cfe228dcac11d16a4b	image/png	archived_image
local	client/public/images/avatar-10.png	local/images/avatar-10.png	71338	21248de8e668de239c2c4c65c2c63bbd0450ef029c0d311657fbffe9a0358602	image/webp	archived_image
local	client/public/images/avatar-8-480w.png	local/images/avatar-8-480w.png	407249	3971f24c09413dd9776eb71ca2c9210c36a90a7f1a75b2216c6d47473fbe28ed	image/png	archived_image
local	client/public/images/avatar-8-800w.png	local/images/avatar-8-800w.png	872557	d9cccfb0d49ad8b795c77cd395a53303321b1eb05626061a34c70df862496a05	image/png	archived_image
local	client/public/images/avatar-8.png	local/images/avatar-8.png	65950	e62e3ea2c5111a1f72563599c7205e55625982be338a0f13538e173ec0f3e716	image/webp	archived_image
local	client/public/images/avatar-9-480w.png	local/images/avatar-9-480w.png	379507	7dc3d53bd352e147931560f56387b8e2f76240c53128f641f2de0903adf8c752	image/png	archived_image
local	client/public/images/avatar-9-800w.png	local/images/avatar-9-800w.png	778479	9ae368e44798beb5be369888cb85a270a45a881bde60e84e0a5af7d49b0f7497	image/png	archived_image
local	client/public/images/avatar-9.png	local/images/avatar-9.png	51148	f160483c83eee4ca3659827818b52a92403fe2241ef50634a6d45bf48d668cf6	image/webp	archived_image
local	client/public/images/blog-hero-480w.jpg	local/images/blog-hero-480w.jpg	31545	eca2312342efa27ee4a0a4b9e01622136273b7dde3a32a405397e47219807fec	image/jpeg	archived_image
local	client/public/images/blog-hero-800w.jpg	local/images/blog-hero-800w.jpg	74820	de41d750810b865d272198ac45878cfcde47b53b611b77608be1aa9d4bcde7ec	image/jpeg	archived_image
local	client/public/images/blog-senior-care-480w.jpg	local/images/blog-senior-care-480w.jpg	31878	6141aadcb5bee4502adffdf9d9aebe8107ad5804ebd5d3c0b21de3cc4e28b9fa	image/jpeg	archived_image
local	client/public/images/blog-senior-care-800w.jpg	local/images/blog-senior-care-800w.jpg	75347	d0d6203d74ce0277e2478cd6404b3d1cae7698d33ed10d36bbcffc87f6816435	image/jpeg	archived_image
local	client/public/images/blog-smartwatch-480w.jpg	local/images/blog-smartwatch-480w.jpg	19803	5be3ed8c1ad316d3cd6dd0920447940c195edffefe9fe21027a452758d041887	image/jpeg	archived_image
local	client/public/images/blog-smartwatch-800w.jpg	local/images/blog-smartwatch-800w.jpg	45788	1d3e2c6b2509506787937b169114f864df84207ec6c6bf03fcc545dc5174d28f	image/jpeg	archived_image
local	client/public/images/blog-workplace-480w.jpg	local/images/blog-workplace-480w.jpg	29488	a0598b0860ef1032b08cf621222f4af915dc612e9eda8bc846226e2fc4dab1dc	image/jpeg	archived_image
local	client/public/images/blog-workplace-800w.jpg	local/images/blog-workplace-800w.jpg	70012	729f5cd7ae69b7896d451618145b7b36ac2aeababd7d584fb6b0fb61a9a5be4f	image/jpeg	archived_image
local	client/public/images/business-meeting-happy-480w.jpg	local/images/business-meeting-happy-480w.jpg	23895	9496aa146c3c01d60f9d6aeeb70740028df3116b06585c594f0fb6b662e59058	image/jpeg	archived_image
local	client/public/images/business-meeting-happy.jpg	local/images/business-meeting-happy.jpg	38761	004978c01fcd577d822718e1a1c334199a332ed2dee42d7aa52eeba0702c14a8	image/jpeg	archived_image
local	client/public/images/challenge-employee-culture-480w.jpg	local/images/challenge-employee-culture-480w.jpg	63606	025a81b12a2dd7e5613c65ab420c3e62ffe242baa6f3bcc1eea0f21c0d3b9616	image/jpeg	archived_image
local	client/public/images/challenge-employee-culture-800w.jpg	local/images/challenge-employee-culture-800w.jpg	155786	a8edbf309eb11a7ce85ba9205e912f38ec0086a2b44f2256e4b5d6574afbd3c4	image/jpeg	archived_image
local	client/public/images/challenge-employee-health-480w.jpg	local/images/challenge-employee-health-480w.jpg	78216	6300ae16c14469f9051c89201cabbd99a38879015b88a28cf35ed2ed22143198	image/jpeg	archived_image
local	client/public/images/challenge-employee-health-800w.jpg	local/images/challenge-employee-health-800w.jpg	181815	1fb4f040fa6855045f3789843ef1ae8771bd6ad4a681aed27f11878109f71a4f	image/jpeg	archived_image
local	client/public/images/challenge-employee-remote-480w.jpg	local/images/challenge-employee-remote-480w.jpg	51695	fef66659aab44c8d0999d58ad5de2e5f25d4b711cb0df6e6323251c26d5cf39e	image/jpeg	archived_image
local	client/public/images/challenge-employee-remote-800w.jpg	local/images/challenge-employee-remote-800w.jpg	133633	b72468d5cea5e1a171e5a30a90098e0cb9145feedc8c546fd3568e9401daf6cc	image/jpeg	archived_image
local	client/public/images/challenge-employer-health-480w.jpg	local/images/challenge-employer-health-480w.jpg	71659	9f3ccf8fc54ba5ad858980638aa59ec6600e76d79a397ef307be955cdfc2fbbc	image/jpeg	archived_image
local	client/public/images/challenge-employer-health-800w.jpg	local/images/challenge-employer-health-800w.jpg	160151	85396e703b94bad72255c5f5a94b091f36d64a57810fc3a6f3a643f42fcd6904	image/jpeg	archived_image
local	client/public/images/challenge-employer-lone-worker-480w.jpg	local/images/challenge-employer-lone-worker-480w.jpg	88189	0874e3c6cf8aa9c5742b249c843c440e2e3b11a84eff6439b68a151c25bc9735	image/jpeg	archived_image
local	client/public/images/challenge-employer-lone-worker-800w.jpg	local/images/challenge-employer-lone-worker-800w.jpg	212893	67c541e0827d2dd0a9a06ed4616004bf926b736cb504b44320bf339f727fb03f	image/jpeg	archived_image
local	client/public/images/challenge-employer-productivity-480w.jpg	local/images/challenge-employer-productivity-480w.jpg	66130	7a3119fc02f1d22960365606809bb83211ef825b392d258b5acc364c15cbba56	image/jpeg	archived_image
local	client/public/images/challenge-employer-productivity-800w.jpg	local/images/challenge-employer-productivity-800w.jpg	155498	ca5922ef90424bd8f6020d67a986f4d94f0068c5213593ba20423d4aab125bfe	image/jpeg	archived_image
local	client/public/images/challenge-family-kids-school-480w.jpg	local/images/challenge-family-kids-school-480w.jpg	98556	95fe0989c7ebd063ff70979600dd0eb5b88908ccddadedf9e02eb3b4829054c8	image/jpeg	archived_image
local	client/public/images/challenge-family-kids-school-800w.jpg	local/images/challenge-family-kids-school-800w.jpg	225352	81eb2441a3badb660443d761af20427ea6ca17d6c8bf8dfcca53b8982caf7d10	image/jpeg	archived_image
local	client/public/images/challenge-family-latchkey-480w.jpg	local/images/challenge-family-latchkey-480w.jpg	55018	56d5728e4ff4f4be54aa8679c7e36c11cd09f2b944fe6fe440bb549c0551be25	image/jpeg	archived_image
local	client/public/images/challenge-family-latchkey-800w.jpg	local/images/challenge-family-latchkey-800w.jpg	123970	6810a7815ca48e6289c51e073f6d734c7cf1d7cddd9de222c495b7033342bcf2	image/jpeg	archived_image
local	client/public/images/challenge-family-sandwich-480w.jpg	local/images/challenge-family-sandwich-480w.jpg	62927	071bf0bc6f35e1d579d71579d5f909a5027c4e70ef6d98ad2b3b5c7c87ebd184	image/jpeg	archived_image
local	client/public/images/challenge-family-sandwich-800w.jpg	local/images/challenge-family-sandwich-800w.jpg	151269	4bb349522c41c8aa6a28eed986b794b91d43b4bdbb642992fc58526be743735a	image/jpeg	archived_image
local	client/public/images/challenge-family-teen-driving-480w.jpg	local/images/challenge-family-teen-driving-480w.jpg	50294	69c2525143b2ee2ca6d76c7ae6f2891d9bbf6e6a895ea7634a50feec7ba172df	image/jpeg	archived_image
local	client/public/images/challenge-family-teen-driving-800w.jpg	local/images/challenge-family-teen-driving-800w.jpg	138561	cc532126484840aa634ef011dbe8c23637819dc376bdb3b46d7fa8a90657d119	image/jpeg	archived_image
local	client/public/images/challenge-family-voice-panic-480w.jpg	local/images/challenge-family-voice-panic-480w.jpg	61472	70b42440e6009b3f72286c5fde69ada9661fced420e7d3a0c773e149033c984a	image/jpeg	archived_image
local	client/public/images/challenge-family-voice-panic-800w.jpg	local/images/challenge-family-voice-panic-800w.jpg	139617	5cc33b14a503b8bba1e227c7f068ce30f23e8c3ce0bb460d6f1204110eecc2ea	image/jpeg	archived_image
local	client/public/images/challenge-female-bad-date-480w.jpg	local/images/challenge-female-bad-date-480w.jpg	46512	d2453d46265cce371be6658934cc6c6e004445c062e8b8c4fc07eb7b3fc47230	image/jpeg	archived_image
local	client/public/images/challenge-female-bad-date-800w.jpg	local/images/challenge-female-bad-date-800w.jpg	101279	ce1e4bee79ed5d1a0a748f1ec14babd20f07c71226834572ccd62703c6fef44a	image/jpeg	archived_image
local	client/public/images/challenge-female-dating-480w.jpg	local/images/challenge-female-dating-480w.jpg	59083	94a077345b4653b3f2ab3e927e10e1a96df2b0369f0898bde09cdb4ce06da5c4	image/jpeg	archived_image
local	client/public/images/challenge-female-dating-800w.jpg	local/images/challenge-female-dating-800w.jpg	125022	4f050e00bfbd3c249cd6b2a15353226f09dfd297f7da4c6d908ee24ced1adf5e	image/jpeg	archived_image
local	client/public/images/challenge-female-jogging-night-480w.jpg	local/images/challenge-female-jogging-night-480w.jpg	62734	9f99a14bfc62b0850f7afe3f78b61109c321c0e3cf2b062ae62b4e7d360594a8	image/jpeg	archived_image
local	client/public/images/challenge-female-jogging-night-800w.jpg	local/images/challenge-female-jogging-night-800w.jpg	139694	64d3d567653c4f1a695cd91195af65e9ff186eef43db081d31adf6972d1d41ff	image/jpeg	archived_image
local	client/public/images/challenge-female-living-alone-480w.jpg	local/images/challenge-female-living-alone-480w.jpg	44382	c47de8e2da46a3b2583a01c9c600b3f5b4dd2e1f92409355996c3e5d1b888464	image/jpeg	archived_image
local	client/public/images/challenge-female-living-alone-800w.jpg	local/images/challenge-female-living-alone-800w.jpg	102014	02b1633756a61a17cdafb61f9428dd8d95fbf8679f2eb2da0f80a0cb44d72794	image/jpeg	archived_image
local	client/public/images/challenge-female-rideshare-480w.jpg	local/images/challenge-female-rideshare-480w.jpg	41382	9ec39969e1483915e76480447528babdc1b63cc51b2fccba72490d136144d381	image/jpeg	archived_image
local	client/public/images/challenge-female-rideshare-800w.jpg	local/images/challenge-female-rideshare-800w.jpg	94396	fe28ca83b2a92e53cf96f819391f7c0b48769f6e0ee1223f103500cfee807107	image/jpeg	archived_image
local	client/public/images/challenge-female-solo-runner-480w.jpg	local/images/challenge-female-solo-runner-480w.jpg	57241	53939ac4df6323b3e8ffafe62864b4a8331f5d4905e37fdbd7b392a1e2749c53	image/jpeg	archived_image
local	client/public/images/challenge-female-solo-runner-800w.jpg	local/images/challenge-female-solo-runner-800w.jpg	119523	66bc90af5191f5d9a48a4e2546eaeff09f6c69c4f01f2540023ee182fef96be4	image/jpeg	archived_image
local	client/public/images/challenge-individual-commute-480w.jpg	local/images/challenge-individual-commute-480w.jpg	31813	3d9de1cced3af598f04422e796ec85ad0383390492798f49c81689ab91f26888	image/jpeg	archived_image
local	client/public/images/challenge-individual-commute-800w.jpg	local/images/challenge-individual-commute-800w.jpg	71709	05888ad50929b08995ffea97491b2932f4aa22664f4f168664ffee1099a565eb	image/jpeg	archived_image
local	client/public/images/challenge-individual-silent-health-480w.jpg	local/images/challenge-individual-silent-health-480w.jpg	54622	f716d457a08edf146080b6a8ea969e9e2e77392a96144e95f9e8a94b8f893470	image/jpeg	archived_image
local	client/public/images/challenge-individual-silent-health-800w.jpg	local/images/challenge-individual-silent-health-800w.jpg	129206	97c7cf54ac121c5b837e1294d5edad3d72c4f5630d4bd3efe3eaf23153ee0785	image/jpeg	archived_image
local	client/public/images/challenge-individual-unwitnessed-480w.jpg	local/images/challenge-individual-unwitnessed-480w.jpg	77690	acf934bbcd2003d3e33d31d2555a424bee2b0350ce2aec95d86926fad3e9d726	image/jpeg	archived_image
local	client/public/images/challenge-individual-unwitnessed-800w.jpg	local/images/challenge-individual-unwitnessed-800w.jpg	182088	0d3f9d6ffb156ac416e592f408ed191b888c42539804c3a630a7d973eec07850	image/jpeg	archived_image
local	client/public/images/challenge-senior-burden-480w.jpg	local/images/challenge-senior-burden-480w.jpg	65633	c14224da6b4acbfcff6d68a2beece98c318835748731de8d9d9ce4bf8fcec34d	image/jpeg	archived_image
local	client/public/images/challenge-senior-burden-800w.jpg	local/images/challenge-senior-burden-800w.jpg	153661	de32178fbf44113389ac4bd91d1bef0f766eb33cad3cef83ed80b9951d95c0da	image/jpeg	archived_image
local	client/public/images/challenge-senior-crash-480w.jpg	local/images/challenge-senior-crash-480w.jpg	55744	82e0dd0661fa5c342a1d63d11ed75d4ad01d6f843e70d37e123e449f404e7153	image/jpeg	archived_image
local	client/public/images/challenge-senior-crash-800w.jpg	local/images/challenge-senior-crash-800w.jpg	132447	ade02d31157510170b332c39431d43a4de843ccebf4b6e56e9c41dcd8aa7820e	image/jpeg	archived_image
local	client/public/images/challenge-senior-fall-480w.jpg	local/images/challenge-senior-fall-480w.jpg	58105	20e049d184856a69d996da0d9b239dc05a841e5ce13bc65972937a1a1f207a25	image/jpeg	archived_image
local	client/public/images/challenge-senior-fall-800w.jpg	local/images/challenge-senior-fall-800w.jpg	141225	057893100f7a51be0b3f0e0fae2fb3e393dd98e8e8866eeb8412e8a33b744d30	image/jpeg	archived_image
local	client/public/images/challenge-senior-health-monitoring-480w.jpg	local/images/challenge-senior-health-monitoring-480w.jpg	51948	622463989d591b1ab1ef2363edc5247f8e9355f3122b20736e7b7622b8e8a8a7	image/jpeg	archived_image
local	client/public/images/challenge-senior-health-monitoring-800w.jpg	local/images/challenge-senior-health-monitoring-800w.jpg	126367	c7280e5766b221a206f22ca1a82ec277bd8466bd6da9780324e42dabb2408daa	image/jpeg	archived_image
local	client/public/images/challenge-senior-hidden-heart-480w.jpg	local/images/challenge-senior-hidden-heart-480w.jpg	40338	c971078c489139f075e3ebda472f170b8aad54cbc6499f8db2af45e3889ffa56	image/jpeg	archived_image
local	client/public/images/challenge-senior-hidden-heart-800w.jpg	local/images/challenge-senior-hidden-heart-800w.jpg	91491	ef10be4cd7b4f297b4396fd14b6c48fd438d8a9f1cb4869a0c6f13fc59445bce	image/jpeg	archived_image
local	client/public/images/challenge-senior-independence-480w.jpg	local/images/challenge-senior-independence-480w.jpg	79413	8dccf4d86745c03de12a63475ca567c4066e2de21f930bf4dbd52b731a8d491c	image/jpeg	archived_image
local	client/public/images/challenge-senior-independence-800w.jpg	local/images/challenge-senior-independence-800w.jpg	178792	08c21b3749bcf91a49cfd31c7a7d25bc9508b6bef6ebd63f2a139dee1117f737	image/jpeg	archived_image
local	client/public/images/challenge-senior-living-alone-480w.jpg	local/images/challenge-senior-living-alone-480w.jpg	68841	e2e9d7d57ec20db64940857bbfea54e6e50732de2ebb69098becba58e8908c4b	image/jpeg	archived_image
local	client/public/images/challenge-senior-living-alone-800w.jpg	local/images/challenge-senior-living-alone-800w.jpg	157720	d59743692b1db95803833e8bba778a356b8b5ee36b2e91ee02ffa70597fd8cf3	image/jpeg	archived_image
local	client/public/images/challenge-senior-medication-480w.jpg	local/images/challenge-senior-medication-480w.jpg	38952	de9ea9f0662ab41629f5bd460fdea9ad852e4651c4d8bda35f872a8bd4385c71	image/jpeg	archived_image
local	client/public/images/challenge-senior-medication-800w.jpg	local/images/challenge-senior-medication-800w.jpg	88288	513016bc818ddd924c317fe7c4b6b08bf712c8ca16b487058af4d3892bed359d	image/jpeg	archived_image
local	client/public/images/challenge-senior-near-fall-480w.jpg	local/images/challenge-senior-near-fall-480w.jpg	57322	2583fff7b9fb7932fc952e27aaea6d327cee7c029a73894d9f3cac92055e30f1	image/jpeg	archived_image
local	client/public/images/challenge-senior-near-fall-800w.jpg	local/images/challenge-senior-near-fall-800w.jpg	138829	f1f98dfdad92aef683e333a4a0c6e133140efcca6c3ba3234a5b398efc0182f3	image/jpeg	archived_image
local	client/public/images/challenge-senior-panic-480w.jpg	local/images/challenge-senior-panic-480w.jpg	47318	2959c2222e29d3bc09d7766fde90cf680e8d9271448115a136f2c5b93533cdcc	image/jpeg	archived_image
local	client/public/images/challenge-senior-panic-800w.jpg	local/images/challenge-senior-panic-800w.jpg	103891	b95419f3e6b24cb5ee71f3bd3f0690ba59872fd30e09313893977dd780a160bc	image/jpeg	archived_image
local	client/public/images/contact-hero-480w.jpg	local/images/contact-hero-480w.jpg	22571	890204b43e55a8aff836afd8ebc0874c2be09887ec20d32108b75fccf89b884c	image/jpeg	archived_image
local	client/public/images/contact-hero-800w.jpg	local/images/contact-hero-800w.jpg	47477	906f97866d435628b93786b69589c0bcbbafb010af57dfd9481f583dc2b4a803	image/jpeg	archived_image
local	client/public/images/crash-detection-feature.svg	local/images/crash-detection-feature.svg	675627	65c3bc0c432707c141fdce64fbfef4614cd29c86db8e7b030dcacc46d6636ceb	image/svg+xml	archived_image
local	client/public/images/emergency-contacts.png	local/images/emergency-contacts.png	99122	d63f2c3dc2a1c4640c7afb2b5c57bdfd2f8675d36a37af30a500b6b0cc3a3e71	image/png	archived_image
local	client/public/images/employer-safety-480w.png	local/images/employer-safety-480w.png	215618	84c81630e96053251b9f0c626b6bf4d4cd787a0f557cb8705c5af74c27b8ab40	image/png	archived_image
local	client/public/images/employer-safety-800w.png	local/images/employer-safety-800w.png	518780	507af4efded65ee956e4753d89bc1f679b926b730a9d806e00a26e98fe66392e	image/png	archived_image
local	client/public/images/employer-safety.png	local/images/employer-safety.png	422038	f40443d01bc9db7fefa849e183362cadec3ad66dc75042e5573f18c8ae93ceb1	image/webp	archived_image
local	client/public/images/employers-hero-480w.jpg	local/images/employers-hero-480w.jpg	15020	470889e54d77036e2c83b657d035fa94b770801af1e15b53ad6c30bcc3d25ccf	image/jpeg	archived_image
local	client/public/images/employers-hero.jpg	local/images/employers-hero.jpg	30864	210da98ddf6fbb4dd927dbe06dee9421fd0e715ed6e45445ccb80da11cc32194	image/jpeg	archived_image
local	client/public/images/fall-detection-event-480w.jpg	local/images/fall-detection-event-480w.jpg	22009	97187066cf65da9bfe4629af91dfd9cf74bde00a34e1aadc5732c0c1bd7c3da8	image/jpeg	archived_image
local	client/public/images/fall-detection-event.jpg	local/images/fall-detection-event.jpg	37704	76714a3a8f50b420e15991ef6abb7fdb886d33bbdd1e0f5b9784f062dd5b3a24	image/jpeg	archived_image
local	client/public/images/fall-detection-feature.svg	local/images/fall-detection-feature.svg	670510	c2b48c743837f63333b864c7e4b809c1e2b9f9cbc95d273a874cca4e01a11a01	image/svg+xml	archived_image
local	client/public/images/fall-detection-sensor-480w.png	local/images/fall-detection-sensor-480w.png	308694	482449cf7551b13ae819d4477332ac903503858f004f46c12d9dc633e2cc204d	image/png	archived_image
local	client/public/images/fall-detection-sensor-800w.png	local/images/fall-detection-sensor-800w.png	834587	ff00e396c42f3f84ceec8bf2407146acf75924dbca2b2dfe69c461e209f6ec26	image/png	archived_image
local	client/public/images/fall-detection-sensor.png	local/images/fall-detection-sensor.png	474796	3e844555365f4a3e02fb375c80599b36f93ec107c2e8c851ecf19e74b5c26f10	image/webp	archived_image
local	client/public/images/fall-detection-tech-480w.png	local/images/fall-detection-tech-480w.png	145350	d1f4012ecba00fd32172abe55c0d290c9e8c36c1746a7bddeddc8c7308f38650	image/png	archived_image
local	client/public/images/fall-detection-tech-800w.png	local/images/fall-detection-tech-800w.png	360423	044406e9e414f2c32bd1fcbd64c6a5086dad2fe47e6ee93d85d0534db86cb077	image/png	archived_image
local	client/public/images/fall-detection-tech.png	local/images/fall-detection-tech.png	482910	24fb6054371f7108f7c36f87885d10807f8340310a77d87fcf531c6406c1c2fe	image/webp	archived_image
local	client/public/images/families-hero-480w.jpg	local/images/families-hero-480w.jpg	21777	d85deb3d5f35a0f0c2a8f2be22dab520c909cd258c56e3a3775fcb28ef128e7d	image/jpeg	archived_image
local	client/public/images/families-hero-800w.jpg	local/images/families-hero-800w.jpg	51268	fc04b33e81544bb6d110fdd18fa20e04e44cca4c07b63b97e6d11afe312ba66e	image/jpeg	archived_image
local	client/public/images/families-hero.jpg	local/images/families-hero.jpg	158028	6b2060294e7885e1510770a11f1f2a06fb78f8a0da1f9d859d4cd04c38ff527c	image/jpeg	archived_image
local	client/public/images/family-connection-480w.png	local/images/family-connection-480w.png	213861	6290a97fecd76660fee5d1d7469775acbf37175489b22769f70c067ed69622f6	image/png	archived_image
local	client/public/images/family-connection-800w.png	local/images/family-connection-800w.png	559748	2da65218dfccb75740b6b8b4918522edf01bba0ca9ca38cfa103493fe4b2a41b	image/png	archived_image
local	client/public/images/family-connection.png	local/images/family-connection.png	515990	1ff2d3f6730ae25a8570236e45407e286b46344b1fe6a7470b837e4ecf5010bd	image/webp	archived_image
local	client/public/images/family-connectivity-feature.svg	local/images/family-connectivity-feature.svg	529556	a031745bceb48c7337a6f7894771e4a2e4a596958ed09be70b7b4808cffcb4e1	image/svg+xml	archived_image
local	client/public/images/family-hero-base-480w.jpg	local/images/family-hero-base-480w.jpg	25631	b8939bd2cfa66b5b634b0794c798df62ab2498856c878f1a4580c3ebd0a3a244	image/jpeg	archived_image
local	client/public/images/family-hero-base.jpg	local/images/family-hero-base.jpg	42314	9c64cfc6aadcd6829296011f1999788635902d7f97c3e921d37cb66ce4801e88	image/jpeg	archived_image
local	client/public/images/family-phone-happy-480w.jpg	local/images/family-phone-happy-480w.jpg	25631	b8939bd2cfa66b5b634b0794c798df62ab2498856c878f1a4580c3ebd0a3a244	image/jpeg	archived_image
local	client/public/images/family-phone-happy.jpg	local/images/family-phone-happy.jpg	42314	9c64cfc6aadcd6829296011f1999788635902d7f97c3e921d37cb66ce4801e88	image/jpeg	archived_image
local	client/public/images/family-video-call-480w.png	local/images/family-video-call-480w.png	145379	33be7f6717406c384b2cd1b8627871603a66971de5641111464ad434908bc41a	image/png	archived_image
local	client/public/images/family-video-call-800w.png	local/images/family-video-call-800w.png	383360	2dacb9d13078e70848aad0ab315facb29c3eff2f0b6c5c83868fa94b6d1c112f	image/png	archived_image
local	client/public/images/family-video-call.png	local/images/family-video-call.png	274964	2e7b7347aae8d464b2cc59cc7a7df92ce0655b42a606af43d71a85832f041890	image/webp	archived_image
local	client/public/images/feature-connectivity-480w.webp	local/images/feature-connectivity-480w.webp	11160	18caedb267f992e994abc1ac06fcc6827744ca286099d4f2db8234adc531b3bc	image/webp	archived_image
local	client/public/images/feature-connectivity-800w.webp	local/images/feature-connectivity-800w.webp	22738	a5c1d4c9591fcae500e9798f2cd5691e97ef620a1235fee999559087c8367fd6	image/webp	archived_image
local	client/public/images/feature-connectivity.webp	local/images/feature-connectivity.webp	38972	13bd4df774b0b197e0959a3d6dffe4709c8930dcc48dfe77ce8295977539492f	image/webp	archived_image
local	client/public/images/feature-crash-480w.png	local/images/feature-crash-480w.png	104573	37367f7a5d2eed8d86d32427a02320948d7f716aecc4e84a9de99eeccb2170fd	image/png	archived_image
local	client/public/images/feature-crash-800w.png	local/images/feature-crash-800w.png	256208	03d5f80c47036f0fda6649a2df4b04cdd94681d33da9ed1946dcbc91235d59dc	image/png	archived_image
local	client/public/images/feature-crash-detection-480w.jpg	local/images/feature-crash-detection-480w.jpg	44200	3553705e90ff16dedd01ab7042fd5ea14b71936070d5c4184dadb4c5ab181964	image/jpeg	archived_image
local	client/public/images/feature-crash-detection-800w.jpg	local/images/feature-crash-detection-800w.jpg	94930	5727a2bdf940aabf262f3b483287256c87bf1b0dc015f96849a993d38db66642	image/jpeg	archived_image
local	client/public/images/feature-crash.png	local/images/feature-crash.png	458702	51aaf041ecf2f2f4d0f031cee26bad07f6259492d1ba20a49d1913abf3aaa7eb	image/png	archived_image
local	client/public/images/feature-emergency-contacts-480w.jpg	local/images/feature-emergency-contacts-480w.jpg	72679	a410c34f225c88d782f9dac2b52f7c835e464c2896ed1130e1ad321659e64009	image/jpeg	archived_image
local	client/public/images/feature-emergency-contacts-800w.jpg	local/images/feature-emergency-contacts-800w.jpg	158841	a64770f4c8314a9a1418706b309784a3652060ee072f8e6c98121af205222e6d	image/jpeg	archived_image
local	client/public/images/feature-fall-480w.jpg	local/images/feature-fall-480w.jpg	31170	2b3cf5aaad492e382d951521e5d3f585de5cffb9896b2b8e65cc25c3d3b9b0ba	image/jpeg	archived_image
local	client/public/images/feature-fall-800w.jpg	local/images/feature-fall-800w.jpg	61119	97202ff006319136f9222b8f8de5fde2d0e02239735e7adbed163529886db33f	image/jpeg	archived_image
local	client/public/images/feature-fall.jpg	local/images/feature-fall.jpg	130772	6fd4e038606e756273331224353e7edde9b40a02cfb4e7f0bfe74aa7580f3568	image/jpeg	archived_image
local	client/public/images/feature-health-480w.jpg	local/images/feature-health-480w.jpg	43910	c1bc41a5bc34cfba21407be2070cbd4a888234e301d6d05846a4eb0a40912823	image/jpeg	archived_image
local	client/public/images/feature-health-800w.jpg	local/images/feature-health-800w.jpg	97535	69a84d6aae209d9f1e9b0162258888e7162c77f055f838d1374d0a4f9aa7afc7	image/jpeg	archived_image
local	client/public/images/feature-health.jpg	local/images/feature-health.jpg	244203	9a488b2d798c8086866fa849281ffba3034f9dabd112acd7bf8d061464f0e97d	image/jpeg	archived_image
local	client/public/images/feature-meetsafe-480w.jpg	local/images/feature-meetsafe-480w.jpg	48367	7bc7b4d7468459714f53363e534ffdf5210007423f622b1f47cf898d356cbf2d	image/jpeg	archived_image
local	client/public/images/feature-meetsafe-800w.jpg	local/images/feature-meetsafe-800w.jpg	104706	92b8445a69c3771f085f8832e79da09ae72322dba21ade06bf044253bb7e9d06	image/jpeg	archived_image
local	client/public/images/feature-monitoring-480w.jpg	local/images/feature-monitoring-480w.jpg	24544	85b04d953f5e4e45eaee6e54bacba79666c26f64eb9f0487770c4d3256ba4c3a	image/jpeg	archived_image
local	client/public/images/feature-monitoring.jpg	local/images/feature-monitoring.jpg	45265	1dc21df940f7144a7cfb5ca29fe4ebe00c5000d135965fc900524792fff3d7b6	image/jpeg	archived_image
local	client/public/images/feature-near-fall-480w.jpg	local/images/feature-near-fall-480w.jpg	29109	c2143d9611548977380f08f79c6ead4b1202d96e9d3d53f1be21a43d7bd1a15b	image/jpeg	archived_image
local	client/public/images/feature-near-fall-800w.jpg	local/images/feature-near-fall-800w.jpg	59205	7d62721023cb06db52a237d5860aa32362aaa2d45d4970d4d33cc77e00a8288e	image/jpeg	archived_image
local	client/public/images/feature-near-fall.jpg	local/images/feature-near-fall.jpg	129564	46ace494e8427b72ae59858fb4ff81ce135ec390dfebe1cad611d8389a1d518b	image/jpeg	archived_image
local	client/public/images/feature-panic-480w.jpg	local/images/feature-panic-480w.jpg	15020	470889e54d77036e2c83b657d035fa94b770801af1e15b53ad6c30bcc3d25ccf	image/jpeg	archived_image
local	client/public/images/feature-panic.jpg	local/images/feature-panic.jpg	30864	210da98ddf6fbb4dd927dbe06dee9421fd0e715ed6e45445ccb80da11cc32194	image/jpeg	archived_image
local	client/public/images/feature-smart-connectivity-480w.jpg	local/images/feature-smart-connectivity-480w.jpg	50171	dbf69b4ed1223162700f3596dfa7421c8be4dd8911093e07c7d53f23a4eabb27	image/jpeg	archived_image
local	client/public/images/feature-smart-connectivity-800w.jpg	local/images/feature-smart-connectivity-800w.jpg	117895	0882ee88eb2e35c2dd1887aaadb75962925954d410871e28f2d4edeabb5f9cc2	image/jpeg	archived_image
local	client/public/images/feature-video-480w.jpg	local/images/feature-video-480w.jpg	29618	7bcf126860776385dbf5d864e6f9df99b5c648e42eecf88320227063db592c6f	image/jpeg	archived_image
local	client/public/images/feature-video-800w.jpg	local/images/feature-video-800w.jpg	57417	5b82c5ed04bf4571d63ae42b0123388bd8bfd9b446e0df5b5eb7283c1f216ead	image/jpeg	archived_image
local	client/public/images/feature-video.jpg	local/images/feature-video.jpg	52804	65ff07485c4f76449a4d46c4dea30aec8b056786d612969f2674547c7a1fa849	image/jpeg	archived_image
local	client/public/images/feature-voice-panic-480w.jpg	local/images/feature-voice-panic-480w.jpg	55556	cc9e210e4e2d6bf781b57e3ecf4d3d6596796c339565fb196c419ff711149a5e	image/jpeg	archived_image
local	client/public/images/feature-voice-panic-800w.jpg	local/images/feature-voice-panic-800w.jpg	139268	ca7f5de274e9e8eb634621d67b7cf5795944dab81cf7af98671ebe6bf91cafb4	image/jpeg	archived_image
local	client/public/images/features-hero-480w.jpg	local/images/features-hero-480w.jpg	28609	6d9b7577c73fc37b4095ccae7b309c54d2f34b55f8f9f6452fa08756745669dc	image/jpeg	archived_image
local	client/public/images/features-hero-800w.jpg	local/images/features-hero-800w.jpg	63633	ce683dd1998fa297c6c8a2badebe5f951b5355e04be5be7dc48e71c8fd6e0c28	image/jpeg	archived_image
local	client/public/images/females-hero-480w.jpg	local/images/females-hero-480w.jpg	15020	470889e54d77036e2c83b657d035fa94b770801af1e15b53ad6c30bcc3d25ccf	image/jpeg	archived_image
local	client/public/images/females-hero.jpg	local/images/females-hero.jpg	30864	210da98ddf6fbb4dd927dbe06dee9421fd0e715ed6e45445ccb80da11cc32194	image/jpeg	archived_image
local	client/public/images/flyer-1-480w.png	local/images/flyer-1-480w.png	210688	041375451e988cee60877b0bdaee2b4cf1369890248984a32487c3bdfce19e9d	image/png	archived_image
local	client/public/images/flyer-1-800w.png	local/images/flyer-1-800w.png	520180	54017c543d796de81a70160d5ad31e741f59ae6019b73f8b441363c488ac1919	image/png	archived_image
local	client/public/images/flyer-2.png	local/images/flyer-2.png	242394	9d27698bd054d8665e89df3e6042b69ca6e035a779d546ed58636daf405aa367	image/png	archived_image
local	client/public/images/flyer-main.png	local/images/flyer-main.png	116992	c8d82a0ef5916b3b1807aaacb147e1b1ff8c680bedb5b9e9639fd40553bb0918	image/png	archived_image
local	client/public/images/frame-1.png	local/images/frame-1.png	255400	634f4b960b4b3c845f98f5d3c73d54ae64b6cc9263fb6cddb9fb07a8465ef65c	image/png	archived_image
local	client/public/images/frame-6.png	local/images/frame-6.png	31453	ea787058c82dad757e834bd9abe1ed05c0ba8eb2f1212b5e13285206975cd8c6	image/png	archived_image
local	client/public/images/frame-8.png	local/images/frame-8.png	202541	eae9ffc0b254049a5f6b8374f28baa6e8257d80fa3dcdcc216058509f6fa9976	image/png	archived_image
local	client/public/images/google-play-badge-480w.png	local/images/google-play-badge-480w.png	12238	9095409524c0f5b6085d875298b58c2677188db06bea8a29f56ced7298361eee	image/png	archived_image
local	client/public/images/google-play-badge-800w.png	local/images/google-play-badge-800w.png	20818	4583087c76f253b53b3d9dd88a0c99e2796bbdef046ce508e39f4d163755af90	image/png	archived_image
local	client/public/images/google-play-badge.png	local/images/google-play-badge.png	18331	98fa0e1b92251c643d1a6d879ddc2a4a2635392419f38c706cbcbeaf8ef2915e	image/png	archived_image
local	client/public/images/happy-senior-hiking-480w.jpg	local/images/happy-senior-hiking-480w.jpg	28339	b9a3c8e89c43b71e01637470ae918fd61e9247cfa73b5fee9ed75f459fa608a6	image/jpeg	archived_image
local	client/public/images/happy-senior-hiking-800w.jpg	local/images/happy-senior-hiking-800w.jpg	60962	5dbb5b33a748cc83fcc3b78e4d6b1da177fdddd17c78a6bbc14e8da047e8ab9d	image/jpeg	archived_image
local	client/public/images/happy-senior-hiking.jpg	local/images/happy-senior-hiking.jpg	85732	2046dfd19854751156cf50d949074911604c4d039d3df3c78cd45f91b795857c	image/jpeg	archived_image
local	client/public/images/happy-senior-watch-480w.jpg	local/images/happy-senior-watch-480w.jpg	21777	d85deb3d5f35a0f0c2a8f2be22dab520c909cd258c56e3a3775fcb28ef128e7d	image/jpeg	archived_image
local	client/public/images/happy-senior-watch-800w.jpg	local/images/happy-senior-watch-800w.jpg	51268	fc04b33e81544bb6d110fdd18fa20e04e44cca4c07b63b97e6d11afe312ba66e	image/jpeg	archived_image
local	client/public/images/happy-senior-watch.jpg	local/images/happy-senior-watch.jpg	158028	6b2060294e7885e1510770a11f1f2a06fb78f8a0da1f9d859d4cd04c38ff527c	image/jpeg	archived_image
local	client/public/images/hero-desktop.webp	local/images/hero-desktop.webp	315798	e2ad402a2e4a81486d44107d6bfd7dbd1a47a8f827e5ca622696f4a6a10736d6	image/webp	archived_image
local	client/public/images/hero-device-mockup-480w.png	local/images/hero-device-mockup-480w.png	273483	e9d915cae4b395fcbf6336c7ac8f6a623c741d4eaa55dad7f900fe4f5f01eb38	image/png	archived_image
local	client/public/images/hero-device-mockup-800w.png	local/images/hero-device-mockup-800w.png	718320	dc04d8650f7329d07f0724c6b0fa57c730eb26cd1c581104ee1e8270422d9b9b	image/png	archived_image
local	client/public/images/hero-device-mockup.png	local/images/hero-device-mockup.png	227118	d0f4dc475a50aaf8f6c8e533b17086f80466e9b5b445c6d4fb23fc342b41a5c8	image/webp	archived_image
local	client/public/images/hero-female-active-480w.jpg	local/images/hero-female-active-480w.jpg	18245	84a21caff7ed02df2474e8e7adbd154f9e343001e659c28a383980c4bee233a5	image/jpeg	archived_image
local	client/public/images/hero-female-active.jpg	local/images/hero-female-active.jpg	30697	93814fa36f95382216cf3af0e5676b3db12e9bcf3a95d6f66964dd7a9f142a9f	image/jpeg	archived_image
local	client/public/images/hero-mobile.webp	local/images/hero-mobile.webp	81302	458c582e1442d376ec272641c2924698d789a43ae9a20df5eff0233a45c4ac6b	image/webp	archived_image
local	client/public/images/hero-senior-monitoring-480w.png	local/images/hero-senior-monitoring-480w.png	188829	be33b1ce9e21efe09a0b9f190b27a9c8cf6dc81aa47381b624c3fc6eb85a4019	image/png	archived_image
local	client/public/images/hero-senior-monitoring-800w.png	local/images/hero-senior-monitoring-800w.png	480343	8d7a3698ef91f5b732deb8b8af077a70f8d242dc464ae28ba9bf5b89b18a4b6f	image/png	archived_image
local	client/public/images/hero-senior-monitoring.png	local/images/hero-senior-monitoring.png	413530	e8bd0dc2e5f70ee2a7729c3d121237ccbc485f79053d69a6ffcbde45f17c538f	image/webp	archived_image
local	client/public/images/home-monitoring-center-480w.jpg	local/images/home-monitoring-center-480w.jpg	13165	6e9be62a31a890375e7956d871422e6c1ab6b8db0a83666d131ffcd00b4bb89d	image/jpeg	archived_image
local	client/public/images/home-monitoring-center-800w.jpg	local/images/home-monitoring-center-800w.jpg	28221	f30d8b510741c6f6b76b5eca3a7fec3e59b623d7932ef0f8b074ac7960e80b86	image/jpeg	archived_image
local	client/public/images/home-monitoring-center.jpg	local/images/home-monitoring-center.jpg	21596	09c4bb03905454f9b5f93d2c12adbeac5a2156b132a26e2b59997911e167fd9f	image/webp	archived_image
local	client/public/images/home-protection-bubble-480w.png	local/images/home-protection-bubble-480w.png	241279	01d139b0a4601d1c10378604bf8753776620327a18cf27b6ac5cd290c2282d25	image/png	archived_image
local	client/public/images/home-protection-bubble-800w.png	local/images/home-protection-bubble-800w.png	592817	afd89ce79139968a54e8eb8ec89385455347042660795003f1af30a6866a2490	image/png	archived_image
local	client/public/images/home-protection-bubble.png	local/images/home-protection-bubble.png	1006536	edf90a74cecc098f63d81bb44ec3c4e0491101d92ae0b6acf6281a2f65492cbe	image/png	archived_image
local	client/public/images/how-it-works-hero.png	local/images/how-it-works-hero.png	46184	2255f2ff928f4966d898965f7f77856c882744c6866344d3fe94adc3185d053b	image/webp	archived_image
local	client/public/images/industries/banking.jpg	local/images/industries/banking.jpg	24140	7039896418c051e25174d91f4007170e046855b7d1370ea38b7ba2af46421f06	image/jpeg	archived_image
local	client/public/images/industries/business-ops-480w.jpg	local/images/industries/business-ops-480w.jpg	25378	128eb8b64587b017dbf0aead1f2246608bdb83795ac4b8ee1e61e05d2a088622	image/jpeg	archived_image
local	client/public/images/industries/business-ops.jpg	local/images/industries/business-ops.jpg	57981	81bb69b9095cdda17bed713a96f9b144514487b116a8d8f06eac28d7494bcab7	image/jpeg	archived_image
local	client/public/images/industries/education-480w.jpg	local/images/industries/education-480w.jpg	34769	87eecfdc181ae8aaaafc67e866eeebbae34fe4940e1d43701bfb8f84215c14e3	image/jpeg	archived_image
local	client/public/images/industries/education-800w.jpg	local/images/industries/education-800w.jpg	75425	de05bb63940e00376b2117ceb01fa16405ec7af494b6e5dac0127ea0434c61d2	image/jpeg	archived_image
local	client/public/images/industries/education.jpg	local/images/industries/education.jpg	141131	79e65c02b478e7caf721fa993579d14cc4c4c44b89f7db906ef5e6db0538405f	image/jpeg	archived_image
local	client/public/images/industries/gaming-480w.jpg	local/images/industries/gaming-480w.jpg	22464	a430ef2a9ff1805ff020ab8d90f496be36d0d193ab18fd75f2165f2ffdbccdd0	image/jpeg	archived_image
local	client/public/images/industries/gaming-800w.jpg	local/images/industries/gaming-800w.jpg	49733	d2cec559973a7de6d7ab2f49aa75ac14511f2f8434a1e7819b3e76eabbeea4f5	image/jpeg	archived_image
local	client/public/images/industries/gaming.jpg	local/images/industries/gaming.jpg	101785	b05cae441438667f7486ca1328c49a1e84b5a1bc219162ab572d5c4fe3b5954c	image/jpeg	archived_image
local	client/public/images/industries/government-480w.jpg	local/images/industries/government-480w.jpg	19347	cc64d9741cfb19c17c10ee60de7ff086941dd694e9e342bb8fc46ec80f091dd6	image/jpeg	archived_image
local	client/public/images/industries/government-800w.jpg	local/images/industries/government-800w.jpg	43567	d2befaacc34c7ebb8ac616d8fa4187e913902dc4304e9a37f52481ceb588a4a3	image/jpeg	archived_image
local	client/public/images/industries/government.jpg	local/images/industries/government.jpg	152121	3fc5b73b87872efb6d896d67b7db1a2c5ed89e941a4425c0d09f984ee8ce91c6	image/jpeg	archived_image
local	client/public/images/industries/healthcare-pharma-480w.jpg	local/images/industries/healthcare-pharma-480w.jpg	20556	ef2a8cd44aa283fcdb84ad913917eceae3fbba40548d5278163b4c954df6713a	image/jpeg	archived_image
local	client/public/images/industries/healthcare-pharma.jpg	local/images/industries/healthcare-pharma.jpg	39138	dbd725b905b35b199d961bdfb2699942c0eaf539e6d2821cca5cde3652596151	image/jpeg	archived_image
local	client/public/images/industries/home-healthcare-480w.jpg	local/images/industries/home-healthcare-480w.jpg	21942	092202cc0ae161ac3145a904f1d780839471768eb656853eed5891d798b5fb42	image/jpeg	archived_image
local	client/public/images/industries/home-healthcare.jpg	local/images/industries/home-healthcare.jpg	52806	77e52af9a2288093f957c53df702a7c6e87966ed055e768afa9e91cae1ccb93a	image/jpeg	archived_image
local	client/public/images/industries/media-480w.jpg	local/images/industries/media-480w.jpg	50272	229582860e56b22e7260422f07eebdb660e9a8ab254497e6dd66024e4888c37d	image/jpeg	archived_image
local	client/public/images/industries/media.jpg	local/images/industries/media.jpg	250014	5e521247125ca91233dffb3c6b34044bc4c25117bb1339f6d877cd12bebc236d	image/jpeg	archived_image
local	client/public/images/industries/real-estate-480w.jpg	local/images/industries/real-estate-480w.jpg	26068	5795f16f7f49f3887cf3ba318ff02caf4c60a3501bd722008d232c5f7f03cab3	image/jpeg	archived_image
local	client/public/images/industries/real-estate-800w.jpg	local/images/industries/real-estate-800w.jpg	68711	b5e34cfa707fd1bc88bab373096f659cd05444a2d97872d7f6a3154fd298f5ff	image/jpeg	archived_image
local	client/public/images/industries/real-estate.jpg	local/images/industries/real-estate.jpg	340583	45995402f9f0b5553ce921b87ae82f99e3d21f7a9f1c13cc55befd4fc10e5578	image/jpeg	archived_image
local	client/public/images/industries/retail-480w.jpg	local/images/industries/retail-480w.jpg	23203	9d8fa79b65c9737aae51b95cb55e409ffbf04274e0c82d8cf843c8b26e9ff742	image/jpeg	archived_image
local	client/public/images/industries/retail-800w.jpg	local/images/industries/retail-800w.jpg	48850	679bea78332916e3eafca5e12d705ae8daea9303a8699c9fc669d1caa446d587	image/jpeg	archived_image
local	client/public/images/industries/retail.jpg	local/images/industries/retail.jpg	132836	7af17678abbb1c75a65945a5157844a4a596a01af7236cb5155cb88451812e79	image/jpeg	archived_image
local	client/public/images/industries/telecom-480w.jpg	local/images/industries/telecom-480w.jpg	21782	2389e4fbfbc6a0a2e3ab2bb27eed4d079fa615184085091f97da02ac0a818421	image/jpeg	archived_image
local	client/public/images/industries/telecom.jpg	local/images/industries/telecom.jpg	73256	90cd3ec64f7f5342933ce26fd9a8fc51ac9b6855e91c9e21778677e90738d88c	image/jpeg	archived_image
local	client/public/images/iphone-168.png	local/images/iphone-168.png	71994	029415215346780ec580466754d42eb1eac7c5f530518f1e1352729ec8a90886	image/png	archived_image
local	client/public/images/iphone-173.jpg	local/images/iphone-173.jpg	146008	e85d86d80546a5207b4701c712ca5370f5724af594f596e50679f230249e704f	image/jpeg	archived_image
local	client/public/images/iphone-174.png	local/images/iphone-174.png	63569	56ad2671a254051d0ab2be602f10c051623bec3831c0f03262b5dc82c0d31bdc	image/png	archived_image
local	client/public/images/iphone-175.png	local/images/iphone-175.png	161439	5eb2cb7298853e250711390f831010581c68acc16d5758ad55091de6b3a53bf1	image/png	archived_image
local	client/public/images/iphone-80.png	local/images/iphone-80.png	230938	1e1d20052e059f84ae2e80d068f4c4b471491d2c5c5632186ac20c3fe1189c71	image/png	archived_image
local	client/public/images/logo-white.svg	local/images/logo-white.svg	292	0496f63bcccdab6375522069fa30f6fb1482b8a8c22b4f89084821202b8773d1	image/svg+xml	archived_image
local	client/public/images/logo.png	local/images/logo.png	47861	731d3802bfe6f780103ca3e22e05dc7b705e45d58b530ee7299fb565a05a0831	image/png	archived_image
local	client/public/images/marketing-1-480w.png	local/images/marketing-1-480w.png	80536	fd98c7026005c25359785fcafd518d9f5cae05206fca5793a0c27fea05c03c01	image/png	archived_image
local	client/public/images/marketing-1-800w.png	local/images/marketing-1-800w.png	163133	c794ea928c7e580b9979307ab9099cf72d3f7c6535b800b58f451af41f49b689	image/png	archived_image
local	client/public/images/marketing-1.png	local/images/marketing-1.png	27448	383d8c040c93a67e345078cabeab6905eae1d5f05c40b319accd10cf99ec79bf	image/webp	archived_image
local	client/public/images/marketing-2-480w.png	local/images/marketing-2-480w.png	266889	935064d793b6434e1598bebf079d734da67303be32224124b7e11a38152a7672	image/png	archived_image
local	client/public/images/marketing-2-800w.png	local/images/marketing-2-800w.png	592181	f26522ce8b923e1e10dd1acdbfdfb4ab6427fab5aaad52d76e0517b9d568c0a0	image/png	archived_image
local	client/public/images/marketing-2.png	local/images/marketing-2.png	118248	abd9245e353e853a3aa0e55f55ae2cc91d53a5e56f6b3c339b5e29f16625ab65	image/webp	archived_image
local	client/public/images/marketing-3-480w.png	local/images/marketing-3-480w.png	294792	92086a26b75fc5dce2746a7acd1055d0a3f7d4b667d318a342f546e477b454fb	image/png	archived_image
local	client/public/images/marketing-3-800w.png	local/images/marketing-3-800w.png	662733	7cda20c9b505119eeed1d27bee77b91861aebcd0b3fdaf4c63118ef82a54220b	image/png	archived_image
local	client/public/images/marketing-3.png	local/images/marketing-3.png	116284	6afc1be8dc2f6405787577407bebeba42fbe5972c0fc4eb011ebb1950a2aae89	image/webp	archived_image
local	client/public/images/marketing-4-480w.png	local/images/marketing-4-480w.png	446412	c061b915f4932668cf88093d3ad2fd1d298f19228d68f4cf92f114146dee1b28	image/png	archived_image
local	client/public/images/marketing-4-800w.png	local/images/marketing-4-800w.png	972015	f37a2391d54cec9a614016fd518e1fdc14c9ace42e3ca7757a0f775c8bd5cbd4	image/png	archived_image
local	client/public/images/marketing-4.png	local/images/marketing-4.png	72856	b11732e82a59a3250615044bc03ff0f1290ea4e425958891f80b084f120562d7	image/webp	archived_image
local	client/public/images/marketing-main-480w.png	local/images/marketing-main-480w.png	527773	7d00f2ad14a6d8175925d31e82b7f65bcbf04306a12b512cc0715db9588da20b	image/png	archived_image
local	client/public/images/marketing-main.png	local/images/marketing-main.png	88178	54d981ee2e071a4a2d6e680dddaa0c106c0a2d38c0de51d0b76a4c30c7c0d74f	image/webp	archived_image
local	client/public/images/mysentry-logo.png	local/images/mysentry-logo.png	19010	2f2a7572fa3327712ee41a113515125efe47129d816c4e291729f90448a47f05	image/png	archived_image
local	client/public/images/mysentry-shield-logo.png	local/images/mysentry-shield-logo.png	5452	8f73f75482dee465ab8d8e4e8ed1954fb009d42c5846a2f4a909b22916385aa4	image/png	archived_image
local	client/public/images/near-fall-detection-feature.svg	local/images/near-fall-detection-feature.svg	707213	c03b6647e3b9fe3ef243bc6fa689f5930398b220a77db367797d1ce3f612acdb	image/svg+xml	archived_image
local	client/public/images/news-clip-480w.png	local/images/news-clip-480w.png	158534	67fb0fd7f81642ce7135699407294248c46b19ec258119fce107592e44d03eca	image/png	archived_image
local	client/public/images/news-clip-800w.png	local/images/news-clip-800w.png	372887	c2ded32a446036a424df352115dcf076d43cd905786c7a7b750ccd258fd07e22	image/png	archived_image
local	client/public/images/panic-alarm-feature.svg	local/images/panic-alarm-feature.svg	854732	ff6d23d067b4cc39754f19d81049799da8d49d495f1d1a97cb1795b51c37ac73	image/svg+xml	archived_image
local	client/public/images/panic-feature-new.png	local/images/panic-feature-new.png	118790	4eea94f019a9e1c24125a4d84a5d947d4e8454019c463c20921e4b6ffeb6d940	image/png	archived_image
local	client/public/images/panic-feature.jpg	local/images/panic-feature.jpg	362173	f5de51eb42aee8ca519b632c708bea7f9206c4c250a0ec6ff95edac26223c219	image/jpeg	archived_image
local	client/public/images/panic-feature.png	local/images/panic-feature.png	118790	4eea94f019a9e1c24125a4d84a5d947d4e8454019c463c20921e4b6ffeb6d940	image/png	archived_image
local	client/public/images/partner-dashboard-480w.jpg	local/images/partner-dashboard-480w.jpg	20597	e2b86db57164edc30d0ae91a56f7b212edcee6aa7107802086328d4b26f83c45	image/jpeg	archived_image
local	client/public/images/partner-dashboard-800w.jpg	local/images/partner-dashboard-800w.jpg	44737	7c8256b23266407041dbbf79cfa77b9c11739dc84dfd2bdd1f1dc51adb7801a5	image/jpeg	archived_image
local	client/public/images/partner-hero-480w.jpg	local/images/partner-hero-480w.jpg	21923	85dc2f1e3eac7b540d7fd4407a2fdd85e17e33dc612366686cc7c79ec5f665cc	image/jpeg	archived_image
local	client/public/images/partner-hero-800w.jpg	local/images/partner-hero-800w.jpg	45451	58081600f5ac4015f44b44f69630dac3a2b0c405a1b87778377755f24d9b122f	image/jpeg	archived_image
local	client/public/images/rapid-response-center-480w.jpg	local/images/rapid-response-center-480w.jpg	41926	9de8c4f5e51de5e1c0f03268afe06add2d93e71b282ed65e8e28eddb04fe8899	image/jpeg	archived_image
local	client/public/images/rapid-response-center-800w.jpg	local/images/rapid-response-center-800w.jpg	104455	ea01f40a91d00335ce57c506a352c744ae51eb990d6a56da4cb380fa95d6979c	image/jpeg	archived_image
local	client/public/images/rapid-response-center.jpg	local/images/rapid-response-center.jpg	229308	30dd7034df3684ef06af803727c23ed9ce8c52b48f7ea63f210bec0979653b3e	image/jpeg	archived_image
local	client/public/images/safety-dispenser-480w.png	local/images/safety-dispenser-480w.png	271671	6253a0db806290185ed73c604262c94043963c67184c9c47d6bd1f2c62eb6fdd	image/png	archived_image
local	client/public/images/safety-dispenser-800w.png	local/images/safety-dispenser-800w.png	687255	65e0b690ca59f38e5a010062ca12e21efaeadba3c835651be0c6636c58060926	image/png	archived_image
local	client/public/images/senior-birdhouse-480w.png	local/images/senior-birdhouse-480w.png	224816	b57aa4f76fbae4e6c871e83750d9b88efaba9014984fb34439b8082590ee212f	image/png	archived_image
local	client/public/images/senior-birdhouse-800w.png	local/images/senior-birdhouse-800w.png	551062	3f0b020275a2681dab2e3d55cbd3153998336b46b115348145683127817a7b77	image/png	archived_image
local	client/public/images/senior-birdhouse.png	local/images/senior-birdhouse.png	924716	616e74b5265375208664938cc15f4af08cd2b1f24c8454f944ec2e53049eb313	image/png	archived_image
local	client/public/images/senior-gardening-480w.jpg	local/images/senior-gardening-480w.jpg	36804	dbf426553ca916e5a0c09bbb8e83c27a47777df83f237f5c2e9e658dc78ed30c	image/jpeg	archived_image
local	client/public/images/senior-gardening-800w.jpg	local/images/senior-gardening-800w.jpg	82345	17c9afcfc3c869a7417d1e31c02fce590da0450560979908efc7d539a19d9a88	image/jpeg	archived_image
local	client/public/images/senior-hiking-new-480w.png	local/images/senior-hiking-new-480w.png	242649	3fb973a109b97cc576a697eed1a32248af5b19531fe74440c981522836981800	image/png	archived_image
local	client/public/images/senior-hiking-new-800w.png	local/images/senior-hiking-new-800w.png	582588	a180f63e1f0c418234971b45cb95f09f57b1744fb2729125d0b21ab98be1c408	image/png	archived_image
local	client/public/images/senior-hiking-new.png	local/images/senior-hiking-new.png	1006390	cd0dd49afe88fcd3cc021f97ef1b8b22e18624965b8064f032fc7e3964920324	image/png	archived_image
local	client/public/images/senior-watch-happy-480w.jpg	local/images/senior-watch-happy-480w.jpg	26270	4cae33aabda54205cfaff358e3c24f01fed9cfb9a6ee964dfd3740e53931bf60	image/jpeg	archived_image
local	client/public/images/senior-watch-happy.jpg	local/images/senior-watch-happy.jpg	43925	9b478c69ed78ba5026afb8d48916e8ff0d0d6cc97aa082334de2cfd45e7b1c2a	image/jpeg	archived_image
local	client/public/images/seniors-hero-480w.jpg	local/images/seniors-hero-480w.jpg	21777	d85deb3d5f35a0f0c2a8f2be22dab520c909cd258c56e3a3775fcb28ef128e7d	image/jpeg	archived_image
local	client/public/images/seniors-hero-800w.jpg	local/images/seniors-hero-800w.jpg	51268	fc04b33e81544bb6d110fdd18fa20e04e44cca4c07b63b97e6d11afe312ba66e	image/jpeg	archived_image
local	client/public/images/seniors-hero.jpg	local/images/seniors-hero.jpg	158028	6b2060294e7885e1510770a11f1f2a06fb78f8a0da1f9d859d4cd04c38ff527c	image/jpeg	archived_image
local	client/public/images/smart-connectivity-feature.svg	local/images/smart-connectivity-feature.svg	529556	a031745bceb48c7337a6f7894771e4a2e4a596958ed09be70b7b4808cffcb4e1	image/svg+xml	archived_image
local	client/public/images/smartphones-display-480w.jpg	local/images/smartphones-display-480w.jpg	13048	27a170d194a655c8fa3d3bfd0f6b521ed980e5294f7c72048b9def57933d7fec	image/jpeg	archived_image
local	client/public/images/smartphones-display-800w.jpg	local/images/smartphones-display-800w.jpg	28446	1255938420ff6f5f5a8a15267d3af69c298b78ad626f2587fb4813777235d352	image/jpeg	archived_image
local	client/public/images/smartwatches-display-480w.jpg	local/images/smartwatches-display-480w.jpg	16896	69e176858bda8e72eaa0bec352a8f53a1fbb09df6fdeaaeeaa4792671b9cfe32	image/jpeg	archived_image
local	client/public/images/smartwatches-display-800w.jpg	local/images/smartwatches-display-800w.jpg	40210	dc5eccea546fda4cd2fe0fb7810ac64956028ca8a879592cda2a8fa3d79e488e	image/jpeg	archived_image
local	client/public/images/supported-devices-hero-480w.jpg	local/images/supported-devices-hero-480w.jpg	17408	5900d021fc5aad91705d48515cb2998a9850cb50bded8796aaa91db55cb68cfc	image/jpeg	archived_image
local	client/public/images/supported-devices-hero-800w.jpg	local/images/supported-devices-hero-800w.jpg	37526	35f3b9f87045924c16b6f06dddcf71559225ab42c27fdd16234c71094db72036	image/jpeg	archived_image
local	client/public/images/team-andrew-480w.png	local/images/team-andrew-480w.png	142153	12f4d0e05c438273a986163724d2aa31264790588cafeaa3a59a6704a91bd99c	image/png	archived_image
local	client/public/images/team-andrew-800w.png	local/images/team-andrew-800w.png	314012	9c7a3451b9ae82fd2a37ed889dc788e7be2544346740fac4628ad0e471a84d3c	image/png	archived_image
local	client/public/images/team-andrew.png	local/images/team-andrew.png	378160	ce90ae289b649cd5ed562314c75642f45032d4302e1b13f7b165fe89cf30fa18	image/png	archived_image
local	client/public/images/team-fayyaz-480w.png	local/images/team-fayyaz-480w.png	163133	f0f86140e03c1dfbec7332fa6717edcd890a44f60a4b7aa012bd440886dd38a3	image/png	archived_image
local	client/public/images/team-fayyaz-800w.png	local/images/team-fayyaz-800w.png	378126	5f0513ea73244f5bb8f19fffab2ff1876a05e5176e307bbe6baca5257769a8e1	image/png	archived_image
local	client/public/images/team-fayyaz.png	local/images/team-fayyaz.png	440055	3b74e525f3a9262557ffbec076b50a6b6409302124dc289a68ff5cd8e4d6b3fd	image/png	archived_image
local	client/public/images/team-hero-480w.jpg	local/images/team-hero-480w.jpg	28593	9ba942bd74d2bab9663254f64d9e498233487dba2f6ff1d15c19d6bf69ce5402	image/jpeg	archived_image
local	client/public/images/team-hero-800w.jpg	local/images/team-hero-800w.jpg	64924	bd4aff2c9f43a9584969a63988377f98640ef39a88f1f3fce8fa5f23cc0f473d	image/jpeg	archived_image
local	client/public/images/team-kashif-480w.png	local/images/team-kashif-480w.png	160505	68deec46c0c4c3ffafcb95c778645fe8c9ae0f4ca62968216f3177326d5b12fe	image/png	archived_image
local	client/public/images/team-kashif-800w.png	local/images/team-kashif-800w.png	374800	8c3ef9c6171fe640feb88b5a8d7354182564742c09e29cbf56576df8c27900f5	image/png	archived_image
local	client/public/images/team-kashif.png	local/images/team-kashif.png	451702	e4142eab760a60ab33d1a4b99fe0e06374db3cc192de7d8129f5699d9fc0446f	image/png	archived_image
local	client/public/images/team-peter-480w.png	local/images/team-peter-480w.png	151992	c10f8934f165a661d38f8087b404312cbfa6164cba0dd0ee3be445fd829c82ba	image/png	archived_image
local	client/public/images/team-peter-800w.png	local/images/team-peter-800w.png	349172	c0526a1f7bff283af96d07319bf8eeb8982d617ed7fc3dae6bb75667d317dbbf	image/png	archived_image
local	client/public/images/team-peter.png	local/images/team-peter.png	417664	38eb9b380d527471a1b4fd7bd6b4d0a9ac93460a5c1f1ad7595c202f9c271aef	image/png	archived_image
local	client/public/images/team-saleha-480w.png	local/images/team-saleha-480w.png	149843	10c3b34093c994497f1690f094a3bfb1e43071cf27ed345afe4e16b869cb3085	image/png	archived_image
local	client/public/images/team-saleha-800w.png	local/images/team-saleha-800w.png	342167	42ed9d47fe048015ad64fef64a4ba1c13fd426f30c4fd5b09b855a873becc28f	image/png	archived_image
local	client/public/images/team-saleha.png	local/images/team-saleha.png	412820	536ae42488e1290b4d97495d3599a5846d8664c735e01257ac71820613a799e3	image/png	archived_image
local	client/public/images/team-zigron-480w.png	local/images/team-zigron-480w.png	139057	3a0230c467f0ac5dc776475f26f74a1be6daf080ef90305ee5c202c2ee008367	image/png	archived_image
local	client/public/images/team-zigron-800w.png	local/images/team-zigron-800w.png	308513	afc1735106160c93e37661be9c2043e6fa2f0d5b2a9e7b6e9a02cb35d0459fef	image/png	archived_image
local	client/public/images/team-zigron.png	local/images/team-zigron.png	380524	698907c86ab7bdb2a7d3749c1fb40eb07632ecbaa16b159f68d8bd0382160304	image/png	archived_image
local	client/public/images/teen-driver-480w.jpg	local/images/teen-driver-480w.jpg	15488	0ac99f32589057eb74717edae90c3803e42642cb85420af47b7cb90c60e89b5f	image/jpeg	archived_image
local	client/public/images/teen-driver-800w.jpg	local/images/teen-driver-800w.jpg	31974	713d69b3a9f591b663a9aea912f3c7f2c3a855a7cac4c514ea311890890caa15	image/jpeg	archived_image
local	client/public/images/teen-driver.jpg	local/images/teen-driver.jpg	142364	6c530a4847a7119d78e096aab1b199bc0073f37cbb523289026f9bec96885189	image/jpeg	archived_image
local	client/public/images/watch-home.png	local/images/watch-home.png	57410	1ee64c2112c9a5007ad6dbd62ffe2d74ae52ea39bb38252f6fe769b9eb215aa2	image/png	archived_image
local	client/public/images/watch-notifications.png	local/images/watch-notifications.png	30800	07e77f54b114f0a38eb46eace08147cd1021eddaf3150fefca0c6bcc237626a9	image/png	archived_image
local	client/public/images/watch-panic.png	local/images/watch-panic.png	51195	445d9bf6a4b5a22b6f507fa1b1fed96f98db0b68d55e3fa49e85402d333faea5	image/png	archived_image
local	client/public/images/watch-sos-lifestyle-480w.png	local/images/watch-sos-lifestyle-480w.png	170141	930ca8fc4a992ea384757c46bb3d0b1c3ba43c80429e87360f70d62d93db9a0b	image/png	archived_image
local	client/public/images/watch-sos-lifestyle.png	local/images/watch-sos-lifestyle.png	261888	c3d4153a67a0f7411e6b8b13aae02322ccb46d6d39703173107b535e46d0c450	image/png	archived_image
local	client/public/images/watch-vitals.png	local/images/watch-vitals.png	31631	74aefb8ffd0fae6627304152e645282a273030d22efa7d4caaa753efbe05e47a	image/png	archived_image
local	client/public/images/watches-mixed-480w.jpg	local/images/watches-mixed-480w.jpg	25304	0818485942526297d5e5968171390456a95431d6a4f5ee6b73452017e2bdb2f4	image/jpeg	archived_image
local	client/public/images/watches-mixed-800w.jpg	local/images/watches-mixed-800w.jpg	61108	0633310cbbcae3ae71e2fccf70eb9d565116d16d0ed15df5233df9ddbc9fad6f	image/jpeg	archived_image
local	client/public/images/watches-mixed.jpg	local/images/watches-mixed.jpg	317983	4df68436b3c00651ccc59080b941efb3d58c9bf403a1a3246e6eb0ecf3ad8a84	image/jpeg	archived_image
local	client/public/images/worker-safety-480w.png	local/images/worker-safety-480w.png	161910	ebd41e65b7469b171a302282982bbfbba510a5eeb5e9d08675299eae343fd096	image/png	archived_image
local	client/public/images/worker-safety-800w.png	local/images/worker-safety-800w.png	442869	9f5f4c690a4fba804a6e2fc6e6a0e10f27e9e09ea5dc579ae2086134e200f895	image/png	archived_image
local	client/public/images/worker-safety.png	local/images/worker-safety.png	363698	86c6f4065f1f59ce6ce1ac27da3cadc41d9c1c888083a0a3085b0b276b64588c	image/webp	archived_image
remote	https://d2xsxph8kpxj0f.cloudfront.net/310519663247484611/5pk35fzRuLVvrjtZdt4C3R/hero-children-teens-KQbz7EA8GrpxXTDszpKTfr.webp	remote/a0954b5c8a51__hero-children-teens-KQbz7EA8GrpxXTDszpKTfr.webp	169798	e51382225e2d7854af7a7f972a6efbf31671d4009e75615c21acdfc653d09df5	image/webp	archived_image
remote	https://d2xsxph8kpxj0f.cloudfront.net/310519663247484611/5pk35fzRuLVvrjtZdt4C3R/hero-construction-5bQ9DwxJp9a7vdZqxBpTTM.webp	remote/3317eb04859a__hero-construction-5bQ9DwxJp9a7vdZqxBpTTM.webp	207330	d027655021fa417322f1450ffa5e690cd433baf32d1c1e8a947c5cb37538aa17	image/webp	archived_image
remote	https://d2xsxph8kpxj0f.cloudfront.net/310519663247484611/5pk35fzRuLVvrjtZdt4C3R/hero-drivers-2tf2voUCE3vZwoxWyjJ55z.webp	remote/74bfb343a4d0__hero-drivers-2tf2voUCE3vZwoxWyjJ55z.webp	121858	9f22553cf9b20866afbc50199c44df18eb3cf283b37fe074d08fd681bb4fbddb	image/webp	archived_image
remote	https://d2xsxph8kpxj0f.cloudfront.net/310519663247484611/5pk35fzRuLVvrjtZdt4C3R/hero-education-4DHESJUqiXguF98VFasMWP.webp	remote/10106f409bbe__hero-education-4DHESJUqiXguF98VFasMWP.webp	245568	f1a0c97f2ca4e1f226a86cd91ce7c322323d888c380dd9a347a1bfc382c38a2b	image/webp	archived_image
remote	https://d2xsxph8kpxj0f.cloudfront.net/310519663247484611/5pk35fzRuLVvrjtZdt4C3R/hero-employers-WnPSZ2hE3S9vMko2bCkbw7.webp	remote/7ddd14679816__hero-employers-WnPSZ2hE3S9vMko2bCkbw7.webp	196822	29c9baa7f9e5c0021eef84c5d5f432bc94d2e6686722908b71a3977b7b0387e5	image/webp	archived_image
remote	https://d2xsxph8kpxj0f.cloudfront.net/310519663247484611/5pk35fzRuLVvrjtZdt4C3R/hero-family-multigenerational-E2GoJdiP8d3vSnxHi3L9fP.webp	remote/02b210812159__hero-family-multigenerational-E2GoJdiP8d3vSnxHi3L9fP.webp	371998	f6d28ee9dd2fc29f65376fc9092912f15f47b7d6eb8cf3a2998deb0e06a941dc	image/webp	archived_image
remote	https://d2xsxph8kpxj0f.cloudfront.net/310519663247484611/5pk35fzRuLVvrjtZdt4C3R/hero-family-safety-mefr82ZSQwHKQykhJyfmsj.webp	remote/e2853b8e046b__hero-family-safety-mefr82ZSQwHKQykhJyfmsj.webp	191116	6d2be84d32a87731f2b32504d216c1b7fb55b4517c3ce75566fc082ca8254d3e	image/webp	archived_image
remote	https://d2xsxph8kpxj0f.cloudfront.net/310519663247484611/5pk35fzRuLVvrjtZdt4C3R/hero-home-healthcare-FyAFPcaaseQ5VKXwe2ieTZ.webp	remote/9c1aca117f0c__hero-home-healthcare-FyAFPcaaseQ5VKXwe2ieTZ.webp	169140	c4f57981af48668892c89751c179cea86d81a2b5c02bc35860632b70a3c0280a	image/webp	archived_image
remote	https://d2xsxph8kpxj0f.cloudfront.net/310519663247484611/5pk35fzRuLVvrjtZdt4C3R/hero-hospitality-6jASxWDKrP6WWVd8AWcFRB.webp	remote/6dd7ccd4cf6a__hero-hospitality-6jASxWDKrP6WWVd8AWcFRB.webp	163006	713d546ed5ee1a885c8daadb5ebe1b0256f05facb94a99ec336dabd8aa223dea	image/webp	archived_image
remote	https://d2xsxph8kpxj0f.cloudfront.net/310519663247484611/5pk35fzRuLVvrjtZdt4C3R/hero-lone-worker-JfxZMZUbkeVn8y8gsYxau5.webp	remote/dcbb89f423e7__hero-lone-worker-JfxZMZUbkeVn8y8gsYxau5.webp	245384	47bfc882a59001d3cd4970e1705e0ee23bfbb1403df5f405a74f8d51afb0d729	image/webp	archived_image
remote	https://d2xsxph8kpxj0f.cloudfront.net/310519663247484611/5pk35fzRuLVvrjtZdt4C3R/hero-medical-alert-seniors-brbwAEw3QrMxYqBqfMTxKC.webp	remote/001915b258ce__hero-medical-alert-seniors-brbwAEw3QrMxYqBqfMTxKC.webp	167624	903cd9dd0685ced8195527529ea32c6247c9259db3a644069efad2d6f8f08dfb	image/webp	archived_image
remote	https://d2xsxph8kpxj0f.cloudfront.net/310519663247484611/5pk35fzRuLVvrjtZdt4C3R/hero-oura-ring-integration-gVAVE7WXQAwHMQbbzBA9nB.webp	remote/895fe631fe75__hero-oura-ring-integration-gVAVE7WXQAwHMQbbzBA9nB.webp	135280	550b6afc22fc0afd9671c16654b1f73f24d35ec658f3181948609137cb5761f1	image/webp	archived_image
remote	https://d2xsxph8kpxj0f.cloudfront.net/310519663247484611/5pk35fzRuLVvrjtZdt4C3R/hero-real-estate-dAoBKmzF88UvcCt9qLwiSC.webp	remote/ed1a073c13d8__hero-real-estate-dAoBKmzF88UvcCt9qLwiSC.webp	139736	af01ef3b86e2b99b93c451c3845a982edec59ff5790d5aa69562a6a3a957294b	image/webp	archived_image
remote	https://d2xsxph8kpxj0f.cloudfront.net/310519663247484611/5pk35fzRuLVvrjtZdt4C3R/hero-retail-Fd3iSGrLHTmN4EKnB95zG3.webp	remote/ae365ebb3f5c__hero-retail-Fd3iSGrLHTmN4EKnB95zG3.webp	80970	26ec66c8b91fdf27a9fc9c65e5a3ce7b62139c497ffd27f0b5b34274d1eb1e14	image/webp	archived_image
remote	https://d2xsxph8kpxj0f.cloudfront.net/310519663247484611/5pk35fzRuLVvrjtZdt4C3R/hero-safety-women-AnNQmUkZgkndJZ95kCXbP6.webp	remote/ec82929a476e__hero-safety-women-AnNQmUkZgkndJZ95kCXbP6.webp	120418	b376dcd9271924f0d3941feb0880efbdbc48282b557ec21f79c051573543f819	image/webp	archived_image
remote	https://d2xsxph8kpxj0f.cloudfront.net/310519663247484611/5pk35fzRuLVvrjtZdt4C3R/hero-security-guarding-FXiXEkuXAA52WM5JyAYyu7.webp	remote/8b4bd2f75f71__hero-security-guarding-FXiXEkuXAA52WM5JyAYyu7.webp	89266	8bf4eaa0a640f54a6c9fb6f1b5ebcaf6227b4ad2e5e7f8b5cb2f8c10d1331cc1	image/webp	archived_image
remote	https://d2xsxph8kpxj0f.cloudfront.net/310519663247484611/5pk35fzRuLVvrjtZdt4C3R/hero-seniors-GDMy4PR8ZHWo3LgjYq5hwt.webp	remote/0503d193bef1__hero-seniors-GDMy4PR8ZHWo3LgjYq5hwt.webp	219976	10cc92d2038f485690373dd71731ab6371d0e1e5047e4358ef846cabb72eb926	image/webp	archived_image
remote	https://d2xsxph8kpxj0f.cloudfront.net/310519663247484611/5pk35fzRuLVvrjtZdt4C3R/hero-students-AhMp9iSA4mHvg8MTyQsypF.webp	remote/5674978dcf44__hero-students-AhMp9iSA4mHvg8MTyQsypF.webp	229036	93f4745e5b586eb395645254091c67bd72aadbda4c03bca288bed08f042ad064	image/webp	archived_image
remote	https://d2xsxph8kpxj0f.cloudfront.net/310519663247484611/5pk35fzRuLVvrjtZdt4C3R/hero-teen-driver-S2s3YeKcp6pBhrarVhpJn3.webp	remote/6ce82ec25650__hero-teen-driver-S2s3YeKcp6pBhrarVhpJn3.webp	209692	2e649c7685c8dee18afef9f34f9cf8f4bdc53d3ea9f6c4ad7784118ed2e1f71a	image/webp	archived_image
remote	https://d2xsxph8kpxj0f.cloudfront.net/310519663247484611/5pk35fzRuLVvrjtZdt4C3R/hero-women-safety-3jLHVRmcPw7sPeN2PuY5Ag.webp	remote/75d25e4280fe__hero-women-safety-3jLHVRmcPw7sPeN2PuY5Ag.webp	142706	e6e50555a17a8fb6ab8ac9b88c16ba081207d91b6f23686a3db8d4b832dbfad8	image/webp	archived_image
remote	https://files.manuscdn.com/user_upload_by_module/session_file/310519663247484611/BzgBcDcalRQkMtut.webp	remote/1f31e86058bf__BzgBcDcalRQkMtut.webp	106736	9a1103c6b1772ad237a69596cea86bd913641f45365e30b879b8760c12c3a69b	image/webp	archived_image
remote	https://files.manuscdn.com/user_upload_by_module/session_file/310519663247484611/CdUihnsjRgcMzrEo.jpg	remote/b98d7fc8bcab__CdUihnsjRgcMzrEo.jpg	5910805	365d50fc206d03d8845da36e31aa8cb8bf77ce0e0450892db40e466fec1af316	image/png	archived_image
remote	https://files.manuscdn.com/user_upload_by_module/session_file/310519663247484611/EJRLIibINmGoxdqW.webp	remote/c548c9ce464e__EJRLIibINmGoxdqW.webp	55884	78aa2aaadab3078e5bf6bf3aef6cef90e976165bd361aab6609f1a2c94355d75	image/webp	archived_image
remote	https://files.manuscdn.com/user_upload_by_module/session_file/310519663247484611/GKOqQqWQmKuJkePP.jpg	remote/4aa3e397f792__GKOqQqWQmKuJkePP.jpg	5294433	9c89f2047a357ef2cbd4aa3e7a971e2b7c78376db03f35d26c74b26cdad127f3	image/png	archived_image
remote	https://files.manuscdn.com/user_upload_by_module/session_file/310519663247484611/GqszcNTBcTbleCyx.jpg	remote/c116a76403ac__GqszcNTBcTbleCyx.jpg	6531796	8ee7b9d238723d53f81494d874fbb05c76ce1a854a47daa6af9f8f8bb94e3764	image/png	archived_image
remote	https://files.manuscdn.com/user_upload_by_module/session_file/310519663247484611/HXnFbPjpfnTSiaCR.jpg	remote/ed2ba3c0b266__HXnFbPjpfnTSiaCR.jpg	6313330	8d6afd635ba25828af3c0bf90008629973d148c7e2ff5501288ad57bbcc0894a	image/png	archived_image
remote	https://files.manuscdn.com/user_upload_by_module/session_file/310519663247484611/IElpNKDyEyZQAZJG.jpg	remote/8ae1f17655a5__IElpNKDyEyZQAZJG.jpg	5660797	8a12f8985663c30c1f240dab4b2b80a6d8cd20851dfa75ba3a887d6d6cbfadaf	image/png	archived_image
remote	https://files.manuscdn.com/user_upload_by_module/session_file/310519663247484611/ILNBARpWjhgDooYL.jpg	remote/8bdc8ba51be8__ILNBARpWjhgDooYL.jpg	7168729	8a632b9359bab8a933f7ec0d7f4bc987f2e2065b87ccff080b6eee616fadf76e	image/png	archived_image
remote	https://files.manuscdn.com/user_upload_by_module/session_file/310519663247484611/JrYBgITupwcLquzK.jpg	remote/6ae0f53c3a77__JrYBgITupwcLquzK.jpg	6214333	41376d3d2c469821a4db463096947c09ef313f6e12111e06a9eaafbd0d12f494	image/png	archived_image
remote	https://files.manuscdn.com/user_upload_by_module/session_file/310519663247484611/JyHwpIGbBpXKlsGA.jpg	remote/62d322d28c02__JyHwpIGbBpXKlsGA.jpg	6914015	e9f33b746bb0f7f239fba6c3ac8290745da6bf379379575d4069644b7685e4f7	image/png	archived_image
remote	https://files.manuscdn.com/user_upload_by_module/session_file/310519663247484611/KLbFzZRpBqFZhnRq.jpg	remote/8b7e60401e45__KLbFzZRpBqFZhnRq.jpg	6665456	401d41ea9f83b49fbaa5c1e389372c36c6641069eb2c102148ef88935f88c203	image/png	archived_image
remote	https://files.manuscdn.com/user_upload_by_module/session_file/310519663247484611/NnmYAYbrAFvzspEv.webp	remote/05d4ffc8f20e__NnmYAYbrAFvzspEv.webp	66552	1531448250b65511efc49230c7387e0f8816acf57f9935590f69c7f683872286	image/webp	archived_image
remote	https://files.manuscdn.com/user_upload_by_module/session_file/310519663247484611/PNeMojefSAcSjgAW.jpg	remote/f53e52890623__PNeMojefSAcSjgAW.jpg	6083078	5816dc0b0502c72c66bdda78a6ff0f743c7a2018c2e592ccc2a3aabcbac42e8c	image/png	archived_image
remote	https://files.manuscdn.com/user_upload_by_module/session_file/310519663247484611/PXvJZfCsLMkaKlOl.jpg	remote/19bf1dfd665e__PXvJZfCsLMkaKlOl.jpg	6045773	c0c0ad9062dc0bed70e038270657eb5d5ec526c1006e2c70f7e7ff479a9b857e	image/png	archived_image
remote	https://files.manuscdn.com/user_upload_by_module/session_file/310519663247484611/PpLEDwHxoIbVfWhh.png	remote/96574c85f092__PpLEDwHxoIbVfWhh.png	2377864	8ae254d0fee6b29831a6ca61771fdd2f3da33a5888539a0c9a9675f7befeccd4	image/png	archived_image
remote	https://files.manuscdn.com/user_upload_by_module/session_file/310519663247484611/QRKKwqMiGpYMAFfR.jpg	remote/7727fc234eeb__QRKKwqMiGpYMAFfR.jpg	6829940	16ef98ac88a293ef3b5cac0c098b83388632fd29a0a914852b60db1a1f03ceb9	image/png	archived_image
remote	https://files.manuscdn.com/user_upload_by_module/session_file/310519663247484611/QVNDUrAMsxMgicVc.jpg	remote/8c1efa88d72f__QVNDUrAMsxMgicVc.jpg	5742250	60a44ff6fcda21b2124c4695d831736fba51fae30c4bc06e28228de881a0197d	image/png	archived_image
remote	https://files.manuscdn.com/user_upload_by_module/session_file/310519663247484611/QdzYaPQAsxOLXDfq.jpg	remote/107dfef94475__QdzYaPQAsxOLXDfq.jpg	6628554	f950c361e45bb7f35c4c4043739ceae6dad6295c59c88cbea658fb3cc556dc78	image/png	archived_image
remote	https://files.manuscdn.com/user_upload_by_module/session_file/310519663247484611/QkoRToYyXJdsJZDq.jpg	remote/dcf5d29a0f6d__QkoRToYyXJdsJZDq.jpg	5986767	f3b3bae3d7517b77d16a25922f7486d757df44f3085c8db8fd2546d01130d41a	image/png	archived_image
remote	https://files.manuscdn.com/user_upload_by_module/session_file/310519663247484611/SaerIMGjvrMVAmaP.jpg	remote/c69d6f1819fa__SaerIMGjvrMVAmaP.jpg	6877843	efd82940507d9d22e7122d10453a671e9f8ca6ad60c8bad2fceec95a4b8806f3	image/png	archived_image
remote	https://files.manuscdn.com/user_upload_by_module/session_file/310519663247484611/UMhRglgqUKBlLDfM.jpg	remote/d0a930e95a15__UMhRglgqUKBlLDfM.jpg	5623998	049c9aa7155fdc5dec62ee3f7b845a1be2feb0f680ed8874545cf99055d37798	image/png	archived_image
remote	https://files.manuscdn.com/user_upload_by_module/session_file/310519663247484611/UeCHohfvBfhNbbyg.jpg	remote/1bc200a72a6e__UeCHohfvBfhNbbyg.jpg	5983177	c1d8d83be05ad6f56961065b46c2bc95e7f2742f82898d47b61f4448df616363	image/png	archived_image
remote	https://files.manuscdn.com/user_upload_by_module/session_file/310519663247484611/UoakOftbovNQJNav.jpg	remote/699f000e8a00__UoakOftbovNQJNav.jpg	5419627	06854776d5aa8d59f73e7f5b693af2e25f559270eda52f32d1a21c90f470ca28	image/png	archived_image
remote	https://files.manuscdn.com/user_upload_by_module/session_file/310519663247484611/WMyuwyfaQGypncrA.jpg	remote/f726ec5505d0__WMyuwyfaQGypncrA.jpg	6124514	12b694bab0149b22d91ce3cd0293eaea79fef5b1a269793b32ad7b521199d728	image/png	archived_image
remote	https://files.manuscdn.com/user_upload_by_module/session_file/310519663247484611/aLIErUBBQTfmnErS.jpg	remote/b5c3a2e62e6d__aLIErUBBQTfmnErS.jpg	7137468	d4acb3df9ee11730a5d49afbbfef7be94c76f910179eeef377408ba855227ecb	image/png	archived_image
remote	https://files.manuscdn.com/user_upload_by_module/session_file/310519663247484611/brsrMeZqzKnRPjcC.jpg	remote/b19ef836c85a__brsrMeZqzKnRPjcC.jpg	7199228	1b5081617bd696d233084e70e6c1f572329ce761700fd368e1c668d7f6290486	image/png	archived_image
remote	https://files.manuscdn.com/user_upload_by_module/session_file/310519663247484611/eAqkYaznpJbyFziv.jpg	remote/ac5197155504__eAqkYaznpJbyFziv.jpg	6267663	8a728ed519c3b6c1ee29583beb6d15db16225827ea49b59b77fc4c87113638b5	image/png	archived_image
remote	https://files.manuscdn.com/user_upload_by_module/session_file/310519663247484611/eqjbpbDEheKCczzG.jpg	remote/3e93aab077c5__eqjbpbDEheKCczzG.jpg	7270909	edd9d3fb3161433e0a3eb9cfa1ce77b22eb7cd17d4506aeb2bc7aa5d86eb16f7	image/png	archived_image
remote	https://files.manuscdn.com/user_upload_by_module/session_file/310519663247484611/fSRwJPgxLWLxasuV.jpg	remote/96d02e8518b1__fSRwJPgxLWLxasuV.jpg	6102528	17eb0d2bf7d42e0c8a1d82a707227a50b39a724efa1e5d777ca334bd84c8624b	image/png	archived_image
remote	https://files.manuscdn.com/user_upload_by_module/session_file/310519663247484611/gwomKudGCLLDoCXD.jpg	remote/9602ac92d041__gwomKudGCLLDoCXD.jpg	7117752	543d45f13ffb78a075155dc3cc1d22b3774ef3ce6ddfba248e751eefdc622a56	image/png	archived_image
remote	https://files.manuscdn.com/user_upload_by_module/session_file/310519663247484611/iDnYyQBkMrsShtYi.jpg	remote/d3b75476dded__iDnYyQBkMrsShtYi.jpg	6517065	dc7192cf4d20a63a24f4bb1b7a4a39a04f645498373ecebd55a60aee27443441	image/png	archived_image
remote	https://files.manuscdn.com/user_upload_by_module/session_file/310519663247484611/jwsBikltRBgQccmM.jpg	remote/d39f8c22f717__jwsBikltRBgQccmM.jpg	6127151	4afaf2dfea2fa4024d9ab65d36fe58b905dcd6984e5c5584bf551f56bac0a479	image/png	archived_image
remote	https://files.manuscdn.com/user_upload_by_module/session_file/310519663247484611/ktjBQkeXxhwNcPWD.jpg	remote/1ab82d57e494__ktjBQkeXxhwNcPWD.jpg	6916749	4a3edc2f053ddf7cfd803fd17d8e46c983911dc6a7a711a77b4e3034272696d2	image/png	archived_image
remote	https://files.manuscdn.com/user_upload_by_module/session_file/310519663247484611/lLrpekajBLjvQSbU.jpg	remote/32b1f06cc892__lLrpekajBLjvQSbU.jpg	5902211	91b6a728eab6cb9222175fd7e909f530f0fa59961f54dccd8573b45bf65ced64	image/png	archived_image
remote	https://files.manuscdn.com/user_upload_by_module/session_file/310519663247484611/qXCtvayqOUrsAGzG.jpg	remote/a4fdf711fd22__qXCtvayqOUrsAGzG.jpg	5262129	9615e7f8b18852731232b609eb768e9734a2afa7d1c69c589365fb1e8b2baf25	image/png	archived_image
remote	https://files.manuscdn.com/user_upload_by_module/session_file/310519663247484611/rUMdMJIpZDvPYyBm.jpg	remote/8be4e4deca24__rUMdMJIpZDvPYyBm.jpg	6213024	66e0f70f0599fb6ae6df9ca66b92b41fae9505f48c8cbff0ee4fc12bf5845a51	image/png	archived_image
remote	https://files.manuscdn.com/user_upload_by_module/session_file/310519663247484611/tAHfwpNPPCjQWnND.jpg	remote/0779ec52b9f7__tAHfwpNPPCjQWnND.jpg	6334822	6cab8e7ef9c3131a51dbe11449a2ec69411d6df274dd98bd441c856413fd5468	image/png	archived_image
remote	https://files.manuscdn.com/user_upload_by_module/session_file/310519663247484611/tBeRfeegjUlLnzcw.png	remote/4bc0a5a726d0__tBeRfeegjUlLnzcw.png	4765	1466cdcc8da4dc58d67328c10a95b07a470de3f5cdfe5421823c4fd5b6a54af6	image/png	archived_image
remote	https://files.manuscdn.com/user_upload_by_module/session_file/310519663247484611/tEgnkIBmbJqdCHOJ.webp	remote/c6f5eb0fe5da__tEgnkIBmbJqdCHOJ.webp	49040	4f0e3c4d1d3235baacac828b9614704a448d7e476f7a7f0692971f7fb5c150f4	image/webp	archived_image
remote	https://files.manuscdn.com/user_upload_by_module/session_file/310519663247484611/tWbqvldwXwmZtLzQ.jpg	remote/5322bc49fe6b__tWbqvldwXwmZtLzQ.jpg	5469739	cdacfef1d3d910d07a3560221e37e333b3178de460099e2fb19d821d5c3d97df	image/png	archived_image
remote	https://files.manuscdn.com/user_upload_by_module/session_file/310519663247484611/xLaVQayxNCfpSsxd.jpg	remote/61471bbca37a__xLaVQayxNCfpSsxd.jpg	6226473	c877d3f0cef261259ebc5834d8d7f5b9fee919dd1bac3d9d365ed05c61c390f9	image/png	archived_image
remote	https://files.manuscdn.com/user_upload_by_module/session_file/310519663247484611/xVvXipIagbMzyabU.jpg	remote/7df843e85a38__xVvXipIagbMzyabU.jpg	5354122	20dd0d90f514bdc2ed9fa6abc634186d4fee43459a47f27914b03fe58451a370	image/png	archived_image
remote	https://files.manuscdn.com/user_upload_by_module/session_file/310519663247484611/xeEOSVembFXLEvcM.jpg	remote/1ec5e48181de__xeEOSVembFXLEvcM.jpg	7503700	91d90d12005f30d65d6424a41dd4d2e7da437ee4d1e7f0085908bbba8a102f3e	image/png	archived_image
remote	https://files.manuscdn.com/user_upload_by_module/session_file/310519663247484611/ygjcYkgKzWhbNlUG.jpg	remote/9112c32f0b72__ygjcYkgKzWhbNlUG.jpg	6409750	01fcf6178ccdd1b20f031565b5f18fb52fdf5df9eab81399a4a208c43eea98c9	image/png	archived_image
remote	https://files.manuscdn.com/user_upload_by_module/session_file/310519663247484611/zKfQzXtIiNkDQVAL.png	remote/8ac48248143b__zKfQzXtIiNkDQVAL.png	253453	db618deb2b9fe685f3c6e7e5e07bee8a4e6411f6a4e17c37776fc3e1a02819a2	image/png	archived_image
remote	https://files.manuscdn.com/user_upload_by_module/session_file/310519663247484611/zhjtYYsGkjNemizw.png	remote/3ebe8774bcec__zhjtYYsGkjNemizw.png	1169567	882fe706350d27787a0ca6a4874406ef6e0aca6257ad9111cf7b003081e2de9a	image/png	archived_image
remote	https://github.com/shadcn.png	remote/0a10b9bc070f__shadcn.png	31007	513d06f542692036ff0bb17938f04b3efd60567ba2cae08049469d21f18e0524	image/jpeg	archived_image
remote	https://mysentry.ai/favicon.svg	remote/53c8317ed279__favicon.svg	6543	20880d98b891cb1fb4d5afadf2180653d83a6dcf69c43dfef430c890a51028ee	image/svg+xml	archived_image
remote	https://mysentry.ai/mysentry-logo.svg	remote/c967859a16d5__mysentry-logo.svg	0			source_did_not_return_an_image
remote	https://static.thenounproject.com/png/3090399-200.png	remote/d9f9e3be85f0__3090399-200.png	1956	79d9f96a0f0a02d8df2e41ded4a8c17feca48c48ac3744a24fbbd96e32b7736e	image/png	archived_image
remote	https://static.thenounproject.com/png/4440884-200.png	remote/5c6e52f817c9__4440884-200.png	8004	1781293687a19cf0795b2aed59d12e034c70f636a906b966cd8ca5ab3d93f452	image/png	archived_image
