local	client/public/chatbot-icon.jpg	local/chatbot-icon.jpg
local	client/public/favicon.svg	local/favicon.svg
local	client/public/images/WebMysentry(10).svg	local/images/WebMysentry(10).svg
local	client/public/images/WebMysentry(11).svg	local/images/WebMysentry(11).svg
local	client/public/images/WebMysentry(12).svg	local/images/WebMysentry(12).svg
local	client/public/images/about-hero-480w.jpg	local/images/about-hero-480w.jpg
local	client/public/images/about-hero-800w.jpg	local/images/about-hero-800w.jpg
local	client/public/images/agent-avatar-480w.jpg	local/images/agent-avatar-480w.jpg
local	client/public/images/agent-avatar.jpg	local/images/agent-avatar.jpg
local	client/public/images/app-home.png	local/images/app-home.png
local	client/public/images/app-settings.png	local/images/app-settings.png
local	client/public/images/app-store-badge-480w.png	local/images/app-store-badge-480w.png
local	client/public/images/app-store-badge-800w.png	local/images/app-store-badge-800w.png
local	client/public/images/app-store-badge.png	local/images/app-store-badge.png
local	client/public/images/avatar-10-480w.png	local/images/avatar-10-480w.png
local	client/public/images/avatar-10.png	local/images/avatar-10.png
local	client/public/images/avatar-8-480w.png	local/images/avatar-8-480w.png
local	client/public/images/avatar-8-800w.png	local/images/avatar-8-800w.png
local	client/public/images/avatar-8.png	local/images/avatar-8.png
local	client/public/images/avatar-9-480w.png	local/images/avatar-9-480w.png
local	client/public/images/avatar-9-800w.png	local/images/avatar-9-800w.png
local	client/public/images/avatar-9.png	local/images/avatar-9.png
local	client/public/images/blog-hero-480w.jpg	local/images/blog-hero-480w.jpg
local	client/public/images/blog-hero-800w.jpg	local/images/blog-hero-800w.jpg
local	client/public/images/blog-senior-care-480w.jpg	local/images/blog-senior-care-480w.jpg
local	client/public/images/blog-senior-care-800w.jpg	local/images/blog-senior-care-800w.jpg
local	client/public/images/blog-smartwatch-480w.jpg	local/images/blog-smartwatch-480w.jpg
local	client/public/images/blog-smartwatch-800w.jpg	local/images/blog-smartwatch-800w.jpg
local	client/public/images/blog-workplace-480w.jpg	local/images/blog-workplace-480w.jpg
local	client/public/images/blog-workplace-800w.jpg	local/images/blog-workplace-800w.jpg
local	client/public/images/business-meeting-happy-480w.jpg	local/images/business-meeting-happy-480w.jpg
local	client/public/images/business-meeting-happy.jpg	local/images/business-meeting-happy.jpg
local	client/public/images/challenge-employee-culture-480w.jpg	local/images/challenge-employee-culture-480w.jpg
local	client/public/images/challenge-employee-culture-800w.jpg	local/images/challenge-employee-culture-800w.jpg
local	client/public/images/challenge-employee-health-480w.jpg	local/images/challenge-employee-health-480w.jpg
local	client/public/images/challenge-employee-health-800w.jpg	local/images/challenge-employee-health-800w.jpg
local	client/public/images/challenge-employee-remote-480w.jpg	local/images/challenge-employee-remote-480w.jpg
local	client/public/images/challenge-employee-remote-800w.jpg	local/images/challenge-employee-remote-800w.jpg
local	client/public/images/challenge-employer-health-480w.jpg	local/images/challenge-employer-health-480w.jpg
local	client/public/images/challenge-employer-health-800w.jpg	local/images/challenge-employer-health-800w.jpg
local	client/public/images/challenge-employer-lone-worker-480w.jpg	local/images/challenge-employer-lone-worker-480w.jpg
local	client/public/images/challenge-employer-lone-worker-800w.jpg	local/images/challenge-employer-lone-worker-800w.jpg
local	client/public/images/challenge-employer-productivity-480w.jpg	local/images/challenge-employer-productivity-480w.jpg
local	client/public/images/challenge-employer-productivity-800w.jpg	local/images/challenge-employer-productivity-800w.jpg
local	client/public/images/challenge-family-kids-school-480w.jpg	local/images/challenge-family-kids-school-480w.jpg
local	client/public/images/challenge-family-kids-school-800w.jpg	local/images/challenge-family-kids-school-800w.jpg
local	client/public/images/challenge-family-latchkey-480w.jpg	local/images/challenge-family-latchkey-480w.jpg
local	client/public/images/challenge-family-latchkey-800w.jpg	local/images/challenge-family-latchkey-800w.jpg
local	client/public/images/challenge-family-sandwich-480w.jpg	local/images/challenge-family-sandwich-480w.jpg
local	client/public/images/challenge-family-sandwich-800w.jpg	local/images/challenge-family-sandwich-800w.jpg
local	client/public/images/challenge-family-teen-driving-480w.jpg	local/images/challenge-family-teen-driving-480w.jpg
local	client/public/images/challenge-family-teen-driving-800w.jpg	local/images/challenge-family-teen-driving-800w.jpg
local	client/public/images/challenge-family-voice-panic-480w.jpg	local/images/challenge-family-voice-panic-480w.jpg
local	client/public/images/challenge-family-voice-panic-800w.jpg	local/images/challenge-family-voice-panic-800w.jpg
local	client/public/images/challenge-female-bad-date-480w.jpg	local/images/challenge-female-bad-date-480w.jpg
local	client/public/images/challenge-female-bad-date-800w.jpg	local/images/challenge-female-bad-date-800w.jpg
local	client/public/images/challenge-female-dating-480w.jpg	local/images/challenge-female-dating-480w.jpg
local	client/public/images/challenge-female-dating-800w.jpg	local/images/challenge-female-dating-800w.jpg
local	client/public/images/challenge-female-jogging-night-480w.jpg	local/images/challenge-female-jogging-night-480w.jpg
local	client/public/images/challenge-female-jogging-night-800w.jpg	local/images/challenge-female-jogging-night-800w.jpg
local	client/public/images/challenge-female-living-alone-480w.jpg	local/images/challenge-female-living-alone-480w.jpg
local	client/public/images/challenge-female-living-alone-800w.jpg	local/images/challenge-female-living-alone-800w.jpg
local	client/public/images/challenge-female-rideshare-480w.jpg	local/images/challenge-female-rideshare-480w.jpg
local	client/public/images/challenge-female-rideshare-800w.jpg	local/images/challenge-female-rideshare-800w.jpg
local	client/public/images/challenge-female-solo-runner-480w.jpg	local/images/challenge-female-solo-runner-480w.jpg
local	client/public/images/challenge-female-solo-runner-800w.jpg	local/images/challenge-female-solo-runner-800w.jpg
local	client/public/images/challenge-individual-commute-480w.jpg	local/images/challenge-individual-commute-480w.jpg
local	client/public/images/challenge-individual-commute-800w.jpg	local/images/challenge-individual-commute-800w.jpg
local	client/public/images/challenge-individual-silent-health-480w.jpg	local/images/challenge-individual-silent-health-480w.jpg
local	client/public/images/challenge-individual-silent-health-800w.jpg	local/images/challenge-individual-silent-health-800w.jpg
local	client/public/images/challenge-individual-unwitnessed-480w.jpg	local/images/challenge-individual-unwitnessed-480w.jpg
local	client/public/images/challenge-individual-unwitnessed-800w.jpg	local/images/challenge-individual-unwitnessed-800w.jpg
local	client/public/images/challenge-senior-burden-480w.jpg	local/images/challenge-senior-burden-480w.jpg
local	client/public/images/challenge-senior-burden-800w.jpg	local/images/challenge-senior-burden-800w.jpg
local	client/public/images/challenge-senior-crash-480w.jpg	local/images/challenge-senior-crash-480w.jpg
local	client/public/images/challenge-senior-crash-800w.jpg	local/images/challenge-senior-crash-800w.jpg
local	client/public/images/challenge-senior-fall-480w.jpg	local/images/challenge-senior-fall-480w.jpg
local	client/public/images/challenge-senior-fall-800w.jpg	local/images/challenge-senior-fall-800w.jpg
local	client/public/images/challenge-senior-health-monitoring-480w.jpg	local/images/challenge-senior-health-monitoring-480w.jpg
local	client/public/images/challenge-senior-health-monitoring-800w.jpg	local/images/challenge-senior-health-monitoring-800w.jpg
local	client/public/images/challenge-senior-hidden-heart-480w.jpg	local/images/challenge-senior-hidden-heart-480w.jpg
local	client/public/images/challenge-senior-hidden-heart-800w.jpg	local/images/challenge-senior-hidden-heart-800w.jpg
local	client/public/images/challenge-senior-independence-480w.jpg	local/images/challenge-senior-independence-480w.jpg
local	client/public/images/challenge-senior-independence-800w.jpg	local/images/challenge-senior-independence-800w.jpg
local	client/public/images/challenge-senior-living-alone-480w.jpg	local/images/challenge-senior-living-alone-480w.jpg
local	client/public/images/challenge-senior-living-alone-800w.jpg	local/images/challenge-senior-living-alone-800w.jpg
local	client/public/images/challenge-senior-medication-480w.jpg	local/images/challenge-senior-medication-480w.jpg
local	client/public/images/challenge-senior-medication-800w.jpg	local/images/challenge-senior-medication-800w.jpg
local	client/public/images/challenge-senior-near-fall-480w.jpg	local/images/challenge-senior-near-fall-480w.jpg
local	client/public/images/challenge-senior-near-fall-800w.jpg	local/images/challenge-senior-near-fall-800w.jpg
local	client/public/images/challenge-senior-panic-480w.jpg	local/images/challenge-senior-panic-480w.jpg
local	client/public/images/challenge-senior-panic-800w.jpg	local/images/challenge-senior-panic-800w.jpg
local	client/public/images/contact-hero-480w.jpg	local/images/contact-hero-480w.jpg
local	client/public/images/contact-hero-800w.jpg	local/images/contact-hero-800w.jpg
local	client/public/images/crash-detection-feature.svg	local/images/crash-detection-feature.svg
local	client/public/images/emergency-contacts.png	local/images/emergency-contacts.png
local	client/public/images/employer-safety-480w.png	local/images/employer-safety-480w.png
local	client/public/images/employer-safety-800w.png	local/images/employer-safety-800w.png
local	client/public/images/employer-safety.png	local/images/employer-safety.png
local	client/public/images/employers-hero-480w.jpg	local/images/employers-hero-480w.jpg
local	client/public/images/employers-hero.jpg	local/images/employers-hero.jpg
local	client/public/images/fall-detection-event-480w.jpg	local/images/fall-detection-event-480w.jpg
local	client/public/images/fall-detection-event.jpg	local/images/fall-detection-event.jpg
local	client/public/images/fall-detection-feature.svg	local/images/fall-detection-feature.svg
local	client/public/images/fall-detection-sensor-480w.png	local/images/fall-detection-sensor-480w.png
local	client/public/images/fall-detection-sensor-800w.png	local/images/fall-detection-sensor-800w.png
local	client/public/images/fall-detection-sensor.png	local/images/fall-detection-sensor.png
local	client/public/images/fall-detection-tech-480w.png	local/images/fall-detection-tech-480w.png
local	client/public/images/fall-detection-tech-800w.png	local/images/fall-detection-tech-800w.png
local	client/public/images/fall-detection-tech.png	local/images/fall-detection-tech.png
local	client/public/images/families-hero-480w.jpg	local/images/families-hero-480w.jpg
local	client/public/images/families-hero-800w.jpg	local/images/families-hero-800w.jpg
local	client/public/images/families-hero.jpg	local/images/families-hero.jpg
local	client/public/images/family-connection-480w.png	local/images/family-connection-480w.png
local	client/public/images/family-connection-800w.png	local/images/family-connection-800w.png
local	client/public/images/family-connection.png	local/images/family-connection.png
local	client/public/images/family-connectivity-feature.svg	local/images/family-connectivity-feature.svg
local	client/public/images/family-hero-base-480w.jpg	local/images/family-hero-base-480w.jpg
local	client/public/images/family-hero-base.jpg	local/images/family-hero-base.jpg
local	client/public/images/family-phone-happy-480w.jpg	local/images/family-phone-happy-480w.jpg
local	client/public/images/family-phone-happy.jpg	local/images/family-phone-happy.jpg
local	client/public/images/family-video-call-480w.png	local/images/family-video-call-480w.png
local	client/public/images/family-video-call-800w.png	local/images/family-video-call-800w.png
local	client/public/images/family-video-call.png	local/images/family-video-call.png
local	client/public/images/feature-connectivity-480w.webp	local/images/feature-connectivity-480w.webp
local	client/public/images/feature-connectivity-800w.webp	local/images/feature-connectivity-800w.webp
local	client/public/images/feature-connectivity.webp	local/images/feature-connectivity.webp
local	client/public/images/feature-crash-480w.png	local/images/feature-crash-480w.png
local	client/public/images/feature-crash-800w.png	local/images/feature-crash-800w.png
local	client/public/images/feature-crash-detection-480w.jpg	local/images/feature-crash-detection-480w.jpg
local	client/public/images/feature-crash-detection-800w.jpg	local/images/feature-crash-detection-800w.jpg
local	client/public/images/feature-crash.png	local/images/feature-crash.png
local	client/public/images/feature-emergency-contacts-480w.jpg	local/images/feature-emergency-contacts-480w.jpg
local	client/public/images/feature-emergency-contacts-800w.jpg	local/images/feature-emergency-contacts-800w.jpg
local	client/public/images/feature-fall-480w.jpg	local/images/feature-fall-480w.jpg
local	client/public/images/feature-fall-800w.jpg	local/images/feature-fall-800w.jpg
local	client/public/images/feature-fall.jpg	local/images/feature-fall.jpg
local	client/public/images/feature-health-480w.jpg	local/images/feature-health-480w.jpg
local	client/public/images/feature-health-800w.jpg	local/images/feature-health-800w.jpg
local	client/public/images/feature-health.jpg	local/images/feature-health.jpg
local	client/public/images/feature-meetsafe-480w.jpg	local/images/feature-meetsafe-480w.jpg
local	client/public/images/feature-meetsafe-800w.jpg	local/images/feature-meetsafe-800w.jpg
local	client/public/images/feature-monitoring-480w.jpg	local/images/feature-monitoring-480w.jpg
local	client/public/images/feature-monitoring.jpg	local/images/feature-monitoring.jpg
local	client/public/images/feature-near-fall-480w.jpg	local/images/feature-near-fall-480w.jpg
local	client/public/images/feature-near-fall-800w.jpg	local/images/feature-near-fall-800w.jpg
local	client/public/images/feature-near-fall.jpg	local/images/feature-near-fall.jpg
local	client/public/images/feature-panic-480w.jpg	local/images/feature-panic-480w.jpg
local	client/public/images/feature-panic.jpg	local/images/feature-panic.jpg
local	client/public/images/feature-smart-connectivity-480w.jpg	local/images/feature-smart-connectivity-480w.jpg
local	client/public/images/feature-smart-connectivity-800w.jpg	local/images/feature-smart-connectivity-800w.jpg
local	client/public/images/feature-video-480w.jpg	local/images/feature-video-480w.jpg
local	client/public/images/feature-video-800w.jpg	local/images/feature-video-800w.jpg
local	client/public/images/feature-video.jpg	local/images/feature-video.jpg
local	client/public/images/feature-voice-panic-480w.jpg	local/images/feature-voice-panic-480w.jpg
local	client/public/images/feature-voice-panic-800w.jpg	local/images/feature-voice-panic-800w.jpg
local	client/public/images/features-hero-480w.jpg	local/images/features-hero-480w.jpg
local	client/public/images/features-hero-800w.jpg	local/images/features-hero-800w.jpg
local	client/public/images/females-hero-480w.jpg	local/images/females-hero-480w.jpg
local	client/public/images/females-hero.jpg	local/images/females-hero.jpg
local	client/public/images/flyer-1-480w.png	local/images/flyer-1-480w.png
local	client/public/images/flyer-1-800w.png	local/images/flyer-1-800w.png
local	client/public/images/flyer-2.png	local/images/flyer-2.png
local	client/public/images/flyer-main.png	local/images/flyer-main.png
local	client/public/images/frame-1.png	local/images/frame-1.png
local	client/public/images/frame-6.png	local/images/frame-6.png
local	client/public/images/frame-8.png	local/images/frame-8.png
local	client/public/images/google-play-badge-480w.png	local/images/google-play-badge-480w.png
local	client/public/images/google-play-badge-800w.png	local/images/google-play-badge-800w.png
local	client/public/images/google-play-badge.png	local/images/google-play-badge.png
local	client/public/images/happy-senior-hiking-480w.jpg	local/images/happy-senior-hiking-480w.jpg
local	client/public/images/happy-senior-hiking-800w.jpg	local/images/happy-senior-hiking-800w.jpg
local	client/public/images/happy-senior-hiking.jpg	local/images/happy-senior-hiking.jpg
local	client/public/images/happy-senior-watch-480w.jpg	local/images/happy-senior-watch-480w.jpg
local	client/public/images/happy-senior-watch-800w.jpg	local/images/happy-senior-watch-800w.jpg
local	client/public/images/happy-senior-watch.jpg	local/images/happy-senior-watch.jpg
local	client/public/images/hero-desktop.webp	local/images/hero-desktop.webp
local	client/public/images/hero-device-mockup-480w.png	local/images/hero-device-mockup-480w.png
local	client/public/images/hero-device-mockup-800w.png	local/images/hero-device-mockup-800w.png
local	client/public/images/hero-device-mockup.png	local/images/hero-device-mockup.png
local	client/public/images/hero-female-active-480w.jpg	local/images/hero-female-active-480w.jpg
local	client/public/images/hero-female-active.jpg	local/images/hero-female-active.jpg
local	client/public/images/hero-mobile.webp	local/images/hero-mobile.webp
local	client/public/images/hero-senior-monitoring-480w.png	local/images/hero-senior-monitoring-480w.png
local	client/public/images/hero-senior-monitoring-800w.png	local/images/hero-senior-monitoring-800w.png
local	client/public/images/hero-senior-monitoring.png	local/images/hero-senior-monitoring.png
local	client/public/images/home-monitoring-center-480w.jpg	local/images/home-monitoring-center-480w.jpg
local	client/public/images/home-monitoring-center-800w.jpg	local/images/home-monitoring-center-800w.jpg
local	client/public/images/home-monitoring-center.jpg	local/images/home-monitoring-center.jpg
local	client/public/images/home-protection-bubble-480w.png	local/images/home-protection-bubble-480w.png
local	client/public/images/home-protection-bubble-800w.png	local/images/home-protection-bubble-800w.png
local	client/public/images/home-protection-bubble.png	local/images/home-protection-bubble.png
local	client/public/images/how-it-works-hero.png	local/images/how-it-works-hero.png
local	client/public/images/industries/banking.jpg	local/images/industries/banking.jpg
local	client/public/images/industries/business-ops-480w.jpg	local/images/industries/business-ops-480w.jpg
local	client/public/images/industries/business-ops.jpg	local/images/industries/business-ops.jpg
local	client/public/images/industries/education-480w.jpg	local/images/industries/education-480w.jpg
local	client/public/images/industries/education-800w.jpg	local/images/industries/education-800w.jpg
local	client/public/images/industries/education.jpg	local/images/industries/education.jpg
local	client/public/images/industries/gaming-480w.jpg	local/images/industries/gaming-480w.jpg
local	client/public/images/industries/gaming-800w.jpg	local/images/industries/gaming-800w.jpg
local	client/public/images/industries/gaming.jpg	local/images/industries/gaming.jpg
local	client/public/images/industries/government-480w.jpg	local/images/industries/government-480w.jpg
local	client/public/images/industries/government-800w.jpg	local/images/industries/government-800w.jpg
local	client/public/images/industries/government.jpg	local/images/industries/government.jpg
local	client/public/images/industries/healthcare-pharma-480w.jpg	local/images/industries/healthcare-pharma-480w.jpg
local	client/public/images/industries/healthcare-pharma.jpg	local/images/industries/healthcare-pharma.jpg
local	client/public/images/industries/home-healthcare-480w.jpg	local/images/industries/home-healthcare-480w.jpg
local	client/public/images/industries/home-healthcare.jpg	local/images/industries/home-healthcare.jpg
local	client/public/images/industries/media-480w.jpg	local/images/industries/media-480w.jpg
local	client/public/images/industries/media.jpg	local/images/industries/media.jpg
local	client/public/images/industries/real-estate-480w.jpg	local/images/industries/real-estate-480w.jpg
local	client/public/images/industries/real-estate-800w.jpg	local/images/industries/real-estate-800w.jpg
local	client/public/images/industries/real-estate.jpg	local/images/industries/real-estate.jpg
local	client/public/images/industries/retail-480w.jpg	local/images/industries/retail-480w.jpg
local	client/public/images/industries/retail-800w.jpg	local/images/industries/retail-800w.jpg
local	client/public/images/industries/retail.jpg	local/images/industries/retail.jpg
local	client/public/images/industries/telecom-480w.jpg	local/images/industries/telecom-480w.jpg
local	client/public/images/industries/telecom.jpg	local/images/industries/telecom.jpg
local	client/public/images/iphone-168.png	local/images/iphone-168.png
local	client/public/images/iphone-173.jpg	local/images/iphone-173.jpg
local	client/public/images/iphone-174.png	local/images/iphone-174.png
local	client/public/images/iphone-175.png	local/images/iphone-175.png
local	client/public/images/iphone-80.png	local/images/iphone-80.png
local	client/public/images/logo-white.svg	local/images/logo-white.svg
local	client/public/images/logo.png	local/images/logo.png
local	client/public/images/marketing-1-480w.png	local/images/marketing-1-480w.png
local	client/public/images/marketing-1-800w.png	local/images/marketing-1-800w.png
local	client/public/images/marketing-1.png	local/images/marketing-1.png
local	client/public/images/marketing-2-480w.png	local/images/marketing-2-480w.png
local	client/public/images/marketing-2-800w.png	local/images/marketing-2-800w.png
local	client/public/images/marketing-2.png	local/images/marketing-2.png
local	client/public/images/marketing-3-480w.png	local/images/marketing-3-480w.png
local	client/public/images/marketing-3-800w.png	local/images/marketing-3-800w.png
local	client/public/images/marketing-3.png	local/images/marketing-3.png
local	client/public/images/marketing-4-480w.png	local/images/marketing-4-480w.png
local	client/public/images/marketing-4-800w.png	local/images/marketing-4-800w.png
local	client/public/images/marketing-4.png	local/images/marketing-4.png
local	client/public/images/marketing-main-480w.png	local/images/marketing-main-480w.png
local	client/public/images/marketing-main.png	local/images/marketing-main.png
local	client/public/images/mysentry-logo.png	local/images/mysentry-logo.png
local	client/public/images/mysentry-shield-logo.png	local/images/mysentry-shield-logo.png
local	client/public/images/near-fall-detection-feature.svg	local/images/near-fall-detection-feature.svg
local	client/public/images/news-clip-480w.png	local/images/news-clip-480w.png
local	client/public/images/news-clip-800w.png	local/images/news-clip-800w.png
local	client/public/images/panic-alarm-feature.svg	local/images/panic-alarm-feature.svg
local	client/public/images/panic-feature-new.png	local/images/panic-feature-new.png
local	client/public/images/panic-feature.jpg	local/images/panic-feature.jpg
local	client/public/images/panic-feature.png	local/images/panic-feature.png
local	client/public/images/partner-dashboard-480w.jpg	local/images/partner-dashboard-480w.jpg
local	client/public/images/partner-dashboard-800w.jpg	local/images/partner-dashboard-800w.jpg
local	client/public/images/partner-hero-480w.jpg	local/images/partner-hero-480w.jpg
local	client/public/images/partner-hero-800w.jpg	local/images/partner-hero-800w.jpg
local	client/public/images/rapid-response-center-480w.jpg	local/images/rapid-response-center-480w.jpg
local	client/public/images/rapid-response-center-800w.jpg	local/images/rapid-response-center-800w.jpg
local	client/public/images/rapid-response-center.jpg	local/images/rapid-response-center.jpg
local	client/public/images/safety-dispenser-480w.png	local/images/safety-dispenser-480w.png
local	client/public/images/safety-dispenser-800w.png	local/images/safety-dispenser-800w.png
local	client/public/images/senior-birdhouse-480w.png	local/images/senior-birdhouse-480w.png
local	client/public/images/senior-birdhouse-800w.png	local/images/senior-birdhouse-800w.png
local	client/public/images/senior-birdhouse.png	local/images/senior-birdhouse.png
local	client/public/images/senior-gardening-480w.jpg	local/images/senior-gardening-480w.jpg
local	client/public/images/senior-gardening-800w.jpg	local/images/senior-gardening-800w.jpg
local	client/public/images/senior-hiking-new-480w.png	local/images/senior-hiking-new-480w.png
local	client/public/images/senior-hiking-new-800w.png	local/images/senior-hiking-new-800w.png
local	client/public/images/senior-hiking-new.png	local/images/senior-hiking-new.png
local	client/public/images/senior-watch-happy-480w.jpg	local/images/senior-watch-happy-480w.jpg
local	client/public/images/senior-watch-happy.jpg	local/images/senior-watch-happy.jpg
local	client/public/images/seniors-hero-480w.jpg	local/images/seniors-hero-480w.jpg
local	client/public/images/seniors-hero-800w.jpg	local/images/seniors-hero-800w.jpg
local	client/public/images/seniors-hero.jpg	local/images/seniors-hero.jpg
local	client/public/images/smart-connectivity-feature.svg	local/images/smart-connectivity-feature.svg
local	client/public/images/smartphones-display-480w.jpg	local/images/smartphones-display-480w.jpg
local	client/public/images/smartphones-display-800w.jpg	local/images/smartphones-display-800w.jpg
local	client/public/images/smartwatches-display-480w.jpg	local/images/smartwatches-display-480w.jpg
local	client/public/images/smartwatches-display-800w.jpg	local/images/smartwatches-display-800w.jpg
local	client/public/images/supported-devices-hero-480w.jpg	local/images/supported-devices-hero-480w.jpg
local	client/public/images/supported-devices-hero-800w.jpg	local/images/supported-devices-hero-800w.jpg
local	client/public/images/team-andrew-480w.png	local/images/team-andrew-480w.png
local	client/public/images/team-andrew-800w.png	local/images/team-andrew-800w.png
local	client/public/images/team-andrew.png	local/images/team-andrew.png
local	client/public/images/team-fayyaz-480w.png	local/images/team-fayyaz-480w.png
local	client/public/images/team-fayyaz-800w.png	local/images/team-fayyaz-800w.png
local	client/public/images/team-fayyaz.png	local/images/team-fayyaz.png
local	client/public/images/team-hero-480w.jpg	local/images/team-hero-480w.jpg
local	client/public/images/team-hero-800w.jpg	local/images/team-hero-800w.jpg
local	client/public/images/team-kashif-480w.png	local/images/team-kashif-480w.png
local	client/public/images/team-kashif-800w.png	local/images/team-kashif-800w.png
local	client/public/images/team-kashif.png	local/images/team-kashif.png
local	client/public/images/team-peter-480w.png	local/images/team-peter-480w.png
local	client/public/images/team-peter-800w.png	local/images/team-peter-800w.png
local	client/public/images/team-peter.png	local/images/team-peter.png
local	client/public/images/team-saleha-480w.png	local/images/team-saleha-480w.png
local	client/public/images/team-saleha-800w.png	local/images/team-saleha-800w.png
local	client/public/images/team-saleha.png	local/images/team-saleha.png
local	client/public/images/team-zigron-480w.png	local/images/team-zigron-480w.png
local	client/public/images/team-zigron-800w.png	local/images/team-zigron-800w.png
local	client/public/images/team-zigron.png	local/images/team-zigron.png
local	client/public/images/teen-driver-480w.jpg	local/images/teen-driver-480w.jpg
local	client/public/images/teen-driver-800w.jpg	local/images/teen-driver-800w.jpg
local	client/public/images/teen-driver.jpg	local/images/teen-driver.jpg
local	client/public/images/watch-home.png	local/images/watch-home.png
local	client/public/images/watch-notifications.png	local/images/watch-notifications.png
local	client/public/images/watch-panic.png	local/images/watch-panic.png
local	client/public/images/watch-sos-lifestyle-480w.png	local/images/watch-sos-lifestyle-480w.png
local	client/public/images/watch-sos-lifestyle.png	local/images/watch-sos-lifestyle.png
local	client/public/images/watch-vitals.png	local/images/watch-vitals.png
local	client/public/images/watches-mixed-480w.jpg	local/images/watches-mixed-480w.jpg
local	client/public/images/watches-mixed-800w.jpg	local/images/watches-mixed-800w.jpg
local	client/public/images/watches-mixed.jpg	local/images/watches-mixed.jpg
local	client/public/images/worker-safety-480w.png	local/images/worker-safety-480w.png
local	client/public/images/worker-safety-800w.png	local/images/worker-safety-800w.png
local	client/public/images/worker-safety.png	local/images/worker-safety.png
remote	https://d2xsxph8kpxj0f.cloudfront.net/310519663247484611/5pk35fzRuLVvrjtZdt4C3R/hero-children-teens-KQbz7EA8GrpxXTDszpKTfr.webp	remote/a0954b5c8a51__hero-children-teens-KQbz7EA8GrpxXTDszpKTfr.webp
remote	https://d2xsxph8kpxj0f.cloudfront.net/310519663247484611/5pk35fzRuLVvrjtZdt4C3R/hero-construction-5bQ9DwxJp9a7vdZqxBpTTM.webp	remote/3317eb04859a__hero-construction-5bQ9DwxJp9a7vdZqxBpTTM.webp
remote	https://d2xsxph8kpxj0f.cloudfront.net/310519663247484611/5pk35fzRuLVvrjtZdt4C3R/hero-drivers-2tf2voUCE3vZwoxWyjJ55z.webp	remote/74bfb343a4d0__hero-drivers-2tf2voUCE3vZwoxWyjJ55z.webp
remote	https://d2xsxph8kpxj0f.cloudfront.net/310519663247484611/5pk35fzRuLVvrjtZdt4C3R/hero-education-4DHESJUqiXguF98VFasMWP.webp	remote/10106f409bbe__hero-education-4DHESJUqiXguF98VFasMWP.webp
remote	https://d2xsxph8kpxj0f.cloudfront.net/310519663247484611/5pk35fzRuLVvrjtZdt4C3R/hero-employers-WnPSZ2hE3S9vMko2bCkbw7.webp	remote/7ddd14679816__hero-employers-WnPSZ2hE3S9vMko2bCkbw7.webp
remote	https://d2xsxph8kpxj0f.cloudfront.net/310519663247484611/5pk35fzRuLVvrjtZdt4C3R/hero-family-multigenerational-E2GoJdiP8d3vSnxHi3L9fP.webp	remote/02b210812159__hero-family-multigenerational-E2GoJdiP8d3vSnxHi3L9fP.webp
remote	https://d2xsxph8kpxj0f.cloudfront.net/310519663247484611/5pk35fzRuLVvrjtZdt4C3R/hero-family-safety-mefr82ZSQwHKQykhJyfmsj.webp	remote/e2853b8e046b__hero-family-safety-mefr82ZSQwHKQykhJyfmsj.webp
remote	https://d2xsxph8kpxj0f.cloudfront.net/310519663247484611/5pk35fzRuLVvrjtZdt4C3R/hero-home-healthcare-FyAFPcaaseQ5VKXwe2ieTZ.webp	remote/9c1aca117f0c__hero-home-healthcare-FyAFPcaaseQ5VKXwe2ieTZ.webp
remote	https://d2xsxph8kpxj0f.cloudfront.net/310519663247484611/5pk35fzRuLVvrjtZdt4C3R/hero-hospitality-6jASxWDKrP6WWVd8AWcFRB.webp	remote/6dd7ccd4cf6a__hero-hospitality-6jASxWDKrP6WWVd8AWcFRB.webp
remote	https://d2xsxph8kpxj0f.cloudfront.net/310519663247484611/5pk35fzRuLVvrjtZdt4C3R/hero-lone-worker-JfxZMZUbkeVn8y8gsYxau5.webp	remote/dcbb89f423e7__hero-lone-worker-JfxZMZUbkeVn8y8gsYxau5.webp
remote	https://d2xsxph8kpxj0f.cloudfront.net/310519663247484611/5pk35fzRuLVvrjtZdt4C3R/hero-medical-alert-seniors-brbwAEw3QrMxYqBqfMTxKC.webp	remote/001915b258ce__hero-medical-alert-seniors-brbwAEw3QrMxYqBqfMTxKC.webp
remote	https://d2xsxph8kpxj0f.cloudfront.net/310519663247484611/5pk35fzRuLVvrjtZdt4C3R/hero-oura-ring-integration-gVAVE7WXQAwHMQbbzBA9nB.webp	remote/895fe631fe75__hero-oura-ring-integration-gVAVE7WXQAwHMQbbzBA9nB.webp
remote	https://d2xsxph8kpxj0f.cloudfront.net/310519663247484611/5pk35fzRuLVvrjtZdt4C3R/hero-real-estate-dAoBKmzF88UvcCt9qLwiSC.webp	remote/ed1a073c13d8__hero-real-estate-dAoBKmzF88UvcCt9qLwiSC.webp
remote	https://d2xsxph8kpxj0f.cloudfront.net/310519663247484611/5pk35fzRuLVvrjtZdt4C3R/hero-retail-Fd3iSGrLHTmN4EKnB95zG3.webp	remote/ae365ebb3f5c__hero-retail-Fd3iSGrLHTmN4EKnB95zG3.webp
remote	https://d2xsxph8kpxj0f.cloudfront.net/310519663247484611/5pk35fzRuLVvrjtZdt4C3R/hero-safety-women-AnNQmUkZgkndJZ95kCXbP6.webp	remote/ec82929a476e__hero-safety-women-AnNQmUkZgkndJZ95kCXbP6.webp
remote	https://d2xsxph8kpxj0f.cloudfront.net/310519663247484611/5pk35fzRuLVvrjtZdt4C3R/hero-security-guarding-FXiXEkuXAA52WM5JyAYyu7.webp	remote/8b4bd2f75f71__hero-security-guarding-FXiXEkuXAA52WM5JyAYyu7.webp
remote	https://d2xsxph8kpxj0f.cloudfront.net/310519663247484611/5pk35fzRuLVvrjtZdt4C3R/hero-seniors-GDMy4PR8ZHWo3LgjYq5hwt.webp	remote/0503d193bef1__hero-seniors-GDMy4PR8ZHWo3LgjYq5hwt.webp
remote	https://d2xsxph8kpxj0f.cloudfront.net/310519663247484611/5pk35fzRuLVvrjtZdt4C3R/hero-students-AhMp9iSA4mHvg8MTyQsypF.webp	remote/5674978dcf44__hero-students-AhMp9iSA4mHvg8MTyQsypF.webp
remote	https://d2xsxph8kpxj0f.cloudfront.net/310519663247484611/5pk35fzRuLVvrjtZdt4C3R/hero-teen-driver-S2s3YeKcp6pBhrarVhpJn3.webp	remote/6ce82ec25650__hero-teen-driver-S2s3YeKcp6pBhrarVhpJn3.webp
remote	https://d2xsxph8kpxj0f.cloudfront.net/310519663247484611/5pk35fzRuLVvrjtZdt4C3R/hero-women-safety-3jLHVRmcPw7sPeN2PuY5Ag.webp	remote/75d25e4280fe__hero-women-safety-3jLHVRmcPw7sPeN2PuY5Ag.webp
remote	https://files.manuscdn.com/user_upload_by_module/session_file/310519663247484611/BzgBcDcalRQkMtut.webp	remote/1f31e86058bf__BzgBcDcalRQkMtut.webp
remote	https://files.manuscdn.com/user_upload_by_module/session_file/310519663247484611/CdUihnsjRgcMzrEo.jpg	remote/b98d7fc8bcab__CdUihnsjRgcMzrEo.jpg
remote	https://files.manuscdn.com/user_upload_by_module/session_file/310519663247484611/EJRLIibINmGoxdqW.webp	remote/c548c9ce464e__EJRLIibINmGoxdqW.webp
remote	https://files.manuscdn.com/user_upload_by_module/session_file/310519663247484611/GKOqQqWQmKuJkePP.jpg	remote/4aa3e397f792__GKOqQqWQmKuJkePP.jpg
remote	https://files.manuscdn.com/user_upload_by_module/session_file/310519663247484611/GqszcNTBcTbleCyx.jpg	remote/c116a76403ac__GqszcNTBcTbleCyx.jpg
remote	https://files.manuscdn.com/user_upload_by_module/session_file/310519663247484611/HXnFbPjpfnTSiaCR.jpg	remote/ed2ba3c0b266__HXnFbPjpfnTSiaCR.jpg
remote	https://files.manuscdn.com/user_upload_by_module/session_file/310519663247484611/IElpNKDyEyZQAZJG.jpg	remote/8ae1f17655a5__IElpNKDyEyZQAZJG.jpg
remote	https://files.manuscdn.com/user_upload_by_module/session_file/310519663247484611/ILNBARpWjhgDooYL.jpg	remote/8bdc8ba51be8__ILNBARpWjhgDooYL.jpg
remote	https://files.manuscdn.com/user_upload_by_module/session_file/310519663247484611/JrYBgITupwcLquzK.jpg	remote/6ae0f53c3a77__JrYBgITupwcLquzK.jpg
remote	https://files.manuscdn.com/user_upload_by_module/session_file/310519663247484611/JyHwpIGbBpXKlsGA.jpg	remote/62d322d28c02__JyHwpIGbBpXKlsGA.jpg
remote	https://files.manuscdn.com/user_upload_by_module/session_file/310519663247484611/KLbFzZRpBqFZhnRq.jpg	remote/8b7e60401e45__KLbFzZRpBqFZhnRq.jpg
remote	https://files.manuscdn.com/user_upload_by_module/session_file/310519663247484611/NnmYAYbrAFvzspEv.webp	remote/05d4ffc8f20e__NnmYAYbrAFvzspEv.webp
remote	https://files.manuscdn.com/user_upload_by_module/session_file/310519663247484611/PNeMojefSAcSjgAW.jpg	remote/f53e52890623__PNeMojefSAcSjgAW.jpg
remote	https://files.manuscdn.com/user_upload_by_module/session_file/310519663247484611/PXvJZfCsLMkaKlOl.jpg	remote/19bf1dfd665e__PXvJZfCsLMkaKlOl.jpg
remote	https://files.manuscdn.com/user_upload_by_module/session_file/310519663247484611/PpLEDwHxoIbVfWhh.png	remote/96574c85f092__PpLEDwHxoIbVfWhh.png
remote	https://files.manuscdn.com/user_upload_by_module/session_file/310519663247484611/QRKKwqMiGpYMAFfR.jpg	remote/7727fc234eeb__QRKKwqMiGpYMAFfR.jpg
remote	https://files.manuscdn.com/user_upload_by_module/session_file/310519663247484611/QVNDUrAMsxMgicVc.jpg	remote/8c1efa88d72f__QVNDUrAMsxMgicVc.jpg
remote	https://files.manuscdn.com/user_upload_by_module/session_file/310519663247484611/QdzYaPQAsxOLXDfq.jpg	remote/107dfef94475__QdzYaPQAsxOLXDfq.jpg
remote	https://files.manuscdn.com/user_upload_by_module/session_file/310519663247484611/QkoRToYyXJdsJZDq.jpg	remote/dcf5d29a0f6d__QkoRToYyXJdsJZDq.jpg
remote	https://files.manuscdn.com/user_upload_by_module/session_file/310519663247484611/SaerIMGjvrMVAmaP.jpg	remote/c69d6f1819fa__SaerIMGjvrMVAmaP.jpg
remote	https://files.manuscdn.com/user_upload_by_module/session_file/310519663247484611/UMhRglgqUKBlLDfM.jpg	remote/d0a930e95a15__UMhRglgqUKBlLDfM.jpg
remote	https://files.manuscdn.com/user_upload_by_module/session_file/310519663247484611/UeCHohfvBfhNbbyg.jpg	remote/1bc200a72a6e__UeCHohfvBfhNbbyg.jpg
remote	https://files.manuscdn.com/user_upload_by_module/session_file/310519663247484611/UoakOftbovNQJNav.jpg	remote/699f000e8a00__UoakOftbovNQJNav.jpg
remote	https://files.manuscdn.com/user_upload_by_module/session_file/310519663247484611/WMyuwyfaQGypncrA.jpg	remote/f726ec5505d0__WMyuwyfaQGypncrA.jpg
remote	https://files.manuscdn.com/user_upload_by_module/session_file/310519663247484611/aLIErUBBQTfmnErS.jpg	remote/b5c3a2e62e6d__aLIErUBBQTfmnErS.jpg
remote	https://files.manuscdn.com/user_upload_by_module/session_file/310519663247484611/brsrMeZqzKnRPjcC.jpg	remote/b19ef836c85a__brsrMeZqzKnRPjcC.jpg
remote	https://files.manuscdn.com/user_upload_by_module/session_file/310519663247484611/eAqkYaznpJbyFziv.jpg	remote/ac5197155504__eAqkYaznpJbyFziv.jpg
remote	https://files.manuscdn.com/user_upload_by_module/session_file/310519663247484611/eqjbpbDEheKCczzG.jpg	remote/3e93aab077c5__eqjbpbDEheKCczzG.jpg
remote	https://files.manuscdn.com/user_upload_by_module/session_file/310519663247484611/fSRwJPgxLWLxasuV.jpg	remote/96d02e8518b1__fSRwJPgxLWLxasuV.jpg
remote	https://files.manuscdn.com/user_upload_by_module/session_file/310519663247484611/gwomKudGCLLDoCXD.jpg	remote/9602ac92d041__gwomKudGCLLDoCXD.jpg
remote	https://files.manuscdn.com/user_upload_by_module/session_file/310519663247484611/iDnYyQBkMrsShtYi.jpg	remote/d3b75476dded__iDnYyQBkMrsShtYi.jpg
remote	https://files.manuscdn.com/user_upload_by_module/session_file/310519663247484611/jwsBikltRBgQccmM.jpg	remote/d39f8c22f717__jwsBikltRBgQccmM.jpg
remote	https://files.manuscdn.com/user_upload_by_module/session_file/310519663247484611/ktjBQkeXxhwNcPWD.jpg	remote/1ab82d57e494__ktjBQkeXxhwNcPWD.jpg
remote	https://files.manuscdn.com/user_upload_by_module/session_file/310519663247484611/lLrpekajBLjvQSbU.jpg	remote/32b1f06cc892__lLrpekajBLjvQSbU.jpg
remote	https://files.manuscdn.com/user_upload_by_module/session_file/310519663247484611/qXCtvayqOUrsAGzG.jpg	remote/a4fdf711fd22__qXCtvayqOUrsAGzG.jpg
remote	https://files.manuscdn.com/user_upload_by_module/session_file/310519663247484611/rUMdMJIpZDvPYyBm.jpg	remote/8be4e4deca24__rUMdMJIpZDvPYyBm.jpg
remote	https://files.manuscdn.com/user_upload_by_module/session_file/310519663247484611/tAHfwpNPPCjQWnND.jpg	remote/0779ec52b9f7__tAHfwpNPPCjQWnND.jpg
remote	https://files.manuscdn.com/user_upload_by_module/session_file/310519663247484611/tBeRfeegjUlLnzcw.png	remote/4bc0a5a726d0__tBeRfeegjUlLnzcw.png
remote	https://files.manuscdn.com/user_upload_by_module/session_file/310519663247484611/tEgnkIBmbJqdCHOJ.webp	remote/c6f5eb0fe5da__tEgnkIBmbJqdCHOJ.webp
remote	https://files.manuscdn.com/user_upload_by_module/session_file/310519663247484611/tWbqvldwXwmZtLzQ.jpg	remote/5322bc49fe6b__tWbqvldwXwmZtLzQ.jpg
remote	https://files.manuscdn.com/user_upload_by_module/session_file/310519663247484611/xLaVQayxNCfpSsxd.jpg	remote/61471bbca37a__xLaVQayxNCfpSsxd.jpg
remote	https://files.manuscdn.com/user_upload_by_module/session_file/310519663247484611/xVvXipIagbMzyabU.jpg	remote/7df843e85a38__xVvXipIagbMzyabU.jpg
remote	https://files.manuscdn.com/user_upload_by_module/session_file/310519663247484611/xeEOSVembFXLEvcM.jpg	remote/1ec5e48181de__xeEOSVembFXLEvcM.jpg
remote	https://files.manuscdn.com/user_upload_by_module/session_file/310519663247484611/ygjcYkgKzWhbNlUG.jpg	remote/9112c32f0b72__ygjcYkgKzWhbNlUG.jpg
remote	https://files.manuscdn.com/user_upload_by_module/session_file/310519663247484611/zKfQzXtIiNkDQVAL.png	remote/8ac48248143b__zKfQzXtIiNkDQVAL.png
remote	https://files.manuscdn.com/user_upload_by_module/session_file/310519663247484611/zhjtYYsGkjNemizw.png	remote/3ebe8774bcec__zhjtYYsGkjNemizw.png
remote	https://github.com/shadcn.png	remote/0a10b9bc070f__shadcn.png
remote	https://mysentry.ai/favicon.svg	remote/53c8317ed279__favicon.svg
remote	https://mysentry.ai/mysentry-logo.svg	remote/c967859a16d5__mysentry-logo.svg
remote	https://static.thenounproject.com/png/3090399-200.png	remote/d9f9e3be85f0__3090399-200.png
remote	https://static.thenounproject.com/png/4440884-200.png	remote/5c6e52f817c9__4440884-200.png
